config,param1,param2,param3,retcode,t_final,omega1,omega2,D1,D2
rhombus,1.400,1.300,0.700,Success,200.0000,9.44844928e-03,9.50471888e-03,1.79752358e-06,2.22695428e-06
rhombus,1.400,1.300,0.750,Failure,82.7175,2.27399086e-02,2.31620178e-02,4.99821126e-05,4.90706166e-05
rhombus,1.400,1.300,0.800,Success,200.0000,9.47668742e-03,9.47069618e-03,1.35836350e-06,1.45707971e-06
rhombus,1.400,1.400,0.700,Success,200.0000,3.27747728e-02,3.27742423e-02,2.36704482e-06,1.90358444e-05
rhombus,1.400,1.400,0.750,Success,200.0000,2.45185112e-02,2.45193402e-02,1.39722761e-05,3.92216495e-06
rhombus,1.400,1.400,0.800,Success,200.0000,1.76035016e-02,1.76035016e-02,1.21403269e-05,2.83123177e-05
rhombus,1.400,1.450,0.700,Success,200.0000,9.47071183e-03,9.48192522e-03,1.78769898e-06,1.54837691e-06
rhombus,1.400,1.450,0.750,Success,200.0000,9.48580563e-03,9.46360380e-03,3.92691009e-05,4.67233374e-06
rhombus,1.400,1.450,0.800,Success,200.0000,9.49293898e-03,9.46093179e-03,8.20114390e-05,2.04756447e-06
rhombus,1.400,1.500,0.700,Success,200.0000,9.48451152e-03,9.47389347e-03,4.20531308e-07,7.59380877e-07
rhombus,1.400,1.500,0.750,Success,200.0000,9.47715737e-03,9.47018208e-03,1.22211871e-06,2.70901336e-06
rhombus,1.400,1.500,0.800,Success,200.0000,9.48248190e-03,9.46462729e-03,3.86503329e-06,3.60819086e-06
rhombus,1.450,1.300,0.700,Success,200.0000,9.48708323e-03,9.46229621e-03,8.79692744e-07,8.99240664e-07
rhombus,1.450,1.300,0.750,Failure,161.4035,1.17429259e-02,1.17485227e-02,6.75352957e-05,3.30280541e-06
rhombus,1.450,1.300,0.800,Success,200.0000,9.47727212e-03,9.47651490e-03,3.06577533e-06,2.76225114e-06
rhombus,1.450,1.400,0.700,Success,200.0000,9.48200658e-03,9.47022907e-03,1.19708563e-06,9.83325522e-07
rhombus,1.450,1.400,0.750,Success,200.0000,9.46360380e-03,9.48580560e-03,2.99988994e-05,3.92786285e-05
rhombus,1.450,1.400,0.800,Success,200.0000,9.46093179e-03,9.49293898e-03,1.80701732e-06,8.16801148e-05
rhombus,1.450,1.450,0.700,Success,200.0000,3.09782341e-02,3.10520455e-02,8.34920231e-06,7.19908474e-06
rhombus,1.450,1.450,0.750,Success,200.0000,2.32753096e-02,2.32749716e-02,3.96938378e-06,2.39404026e-06
rhombus,1.450,1.450,0.800,Success,200.0000,1.66344453e-02,1.66344453e-02,4.63997636e-05,3.24321925e-05
rhombus,1.450,1.500,0.700,Success,200.0000,9.47481156e-03,9.47725770e-03,2.97106093e-06,4.12531144e-05
rhombus,1.450,1.500,0.750,Success,200.0000,9.47338320e-03,9.48050222e-03,2.61437365e-05,5.12901266e-06
rhombus,1.450,1.500,0.800,Success,200.0000,9.56583741e-03,9.39551591e-03,2.55005892e-06,3.20700855e-05
rhombus,1.500,1.300,0.700,Success,200.0000,9.45876282e-03,9.49136043e-03,1.66370119e-06,1.41142302e-06
rhombus,1.500,1.300,0.750,Success,200.0000,9.46845184e-03,9.48646062e-03,1.96455021e-07,1.01049952e-06
rhombus,1.500,1.300,0.800,Failure,77.6600,2.45254933e-02,2.43506712e-02,1.50282255e-04,2.48429519e-05
rhombus,1.500,1.400,0.700,Success,200.0000,9.48641352e-03,9.47817144e-03,1.19534856e-06,8.54887012e-07
rhombus,1.500,1.400,0.750,Success,200.0000,9.47018093e-03,9.47715958e-03,2.84067253e-06,1.41124128e-06
rhombus,1.500,1.400,0.800,Success,200.0000,9.46462729e-03,9.48248190e-03,3.38376787e-06,3.23159371e-06
rhombus,1.500,1.450,0.700,Success,200.0000,9.47725267e-03,9.47481481e-03,4.14894177e-05,2.77570056e-06
rhombus,1.500,1.450,0.750,Success,200.0000,9.48050223e-03,9.47338320e-03,5.08928552e-06,2.62719673e-05
rhombus,1.500,1.450,0.800,Success,200.0000,9.39551591e-03,9.56583741e-03,3.22262881e-05,2.32593331e-06
rhombus,1.500,1.500,0.700,Success,200.0000,2.94427776e-02,2.92913465e-02,1.95104050e-05,8.16439713e-05
rhombus,1.500,1.500,0.750,Success,200.0000,2.22388427e-02,2.22388479e-02,3.67946421e-06,3.20496065e-06
rhombus,1.500,1.500,0.800,Success,200.0000,1.55967726e-02,1.55967726e-02,2.77992340e-06,1.37062390e-05
rhombus,1.550,1.300,0.700,Success,200.0000,9.49327851e-03,9.45348507e-03,6.89156695e-08,1.92421965e-07
rhombus,1.550,1.300,0.750,Success,200.0000,9.45384630e-03,9.49963633e-03,1.99670108e-07,9.79678127e-07
rhombus,1.550,1.300,0.800,Failure,175.2700,1.08123852e-02,1.08168018e-02,6.42549713e-05,2.62153413e-06
rhombus,1.550,1.400,0.700,Failure,175.4850,1.11050418e-02,1.06193469e-02,5.76703495e-05,1.96588243e-06
rhombus,1.550,1.400,0.750,Success,200.0000,9.47682835e-03,9.47438645e-03,1.47143475e-06,1.15614608e-06
rhombus,1.550,1.400,0.800,Success,200.0000,9.47770108e-03,9.46997142e-03,3.12606448e-06,1.65154967e-06
rhombus,1.550,1.450,0.700,Success,200.0000,9.47629200e-03,9.47623560e-03,1.12986377e-06,6.50269135e-07
rhombus,1.550,1.450,0.750,Success,200.0000,9.47686727e-03,9.47096618e-03,2.41785355e-06,4.33827711e-05
rhombus,1.550,1.450,0.800,Success,200.0000,9.48369571e-03,9.46535121e-03,1.42868201e-06,1.87114793e-06
rhombus,1.550,1.500,0.700,Success,200.0000,9.46989895e-03,9.48442448e-03,2.70737926e-05,3.97909045e-05
rhombus,1.550,1.500,0.750,Success,200.0000,9.47309086e-03,9.48574206e-03,2.48455429e-06,6.86063904e-05
rhombus,1.550,1.500,0.800,Success,200.0000,9.51261321e-03,9.45626335e-03,1.36100979e-06,5.27779142e-05
rhombus,1.600,1.300,0.700,Success,200.0000,9.48494373e-03,9.46608231e-03,2.40671435e-06,1.93900422e-06
rhombus,1.600,1.300,0.750,Success,200.0000,9.44945284e-03,9.50185868e-03,1.94929071e-06,2.36754373e-06
rhombus,1.600,1.300,0.800,Success,200.0000,9.48873634e-03,9.46769080e-03,1.24444626e-06,1.28383055e-06
rhombus,1.600,1.400,0.700,Success,200.0000,9.45773164e-03,9.50331040e-03,1.18724744e-06,1.05006713e-06
rhombus,1.600,1.400,0.750,Success,200.0000,9.47447822e-03,9.48207264e-03,1.78294321e-06,2.22343494e-06
rhombus,1.600,1.400,0.800,Success,200.0000,9.47206110e-03,9.47710743e-03,2.61720173e-06,9.70973700e-07
rhombus,1.600,1.450,0.700,Success,200.0000,9.48198342e-03,9.47740278e-03,1.08770318e-06,1.37966200e-06
rhombus,1.600,1.450,0.750,Success,200.0000,9.47308344e-03,9.47546669e-03,3.26078074e-06,2.34661941e-06
rhombus,1.600,1.450,0.800,Success,200.0000,9.46576310e-03,9.48196955e-03,3.20699793e-06,3.44485348e-06
rhombus,1.600,1.500,0.700,Success,200.0000,9.47288692e-03,9.47732436e-03,4.55511999e-05,1.34594109e-06
rhombus,1.600,1.500,0.750,Success,200.0000,9.46529542e-03,9.48394415e-03,6.50613782e-06,4.24286421e-05
rhombus,1.600,1.500,0.800,Success,200.0000,9.44965533e-03,9.50178485e-03,3.80253322e-05,3.16120316e-06
double_orbiter,3.500,1.000,NaN,Success,200.0000,9.48494546e-03,9.44050740e-03,4.86911424e-10,6.10921387e-10
double_orbiter,4.000,1.000,NaN,Success,200.0000,9.48745231e-03,9.44574088e-03,4.35308646e-10,5.32168551e-10
double_orbiter,4.500,1.000,NaN,Success,200.0000,9.48951807e-03,9.44974367e-03,3.81412202e-10,4.70924243e-10
double_orbiter,3.500,1.100,NaN,Success,200.0000,9.49182914e-03,9.45472269e-03,2.15268140e-10,3.86842496e-10
double_orbiter,4.000,1.100,NaN,Success,200.0000,9.49383026e-03,9.45745639e-03,1.67854656e-10,3.43691199e-10
double_orbiter,4.500,1.100,NaN,Success,200.0000,9.49567018e-03,9.45939579e-03,1.15725278e-10,3.10096367e-10
double_orbiter,3.500,1.200,NaN,Success,200.0000,9.49540444e-03,9.46220775e-03,1.16130922e-10,2.60167746e-10
double_orbiter,4.000,1.200,NaN,Success,200.0000,9.49745965e-03,9.46354615e-03,6.81649974e-11,2.34798928e-10
double_orbiter,4.500,1.200,NaN,Success,200.0000,9.49942874e-03,9.46450319e-03,2.62028320e-11,2.14346583e-10
double_orbiter,3.500,1.300,NaN,Success,200.0000,9.49751765e-03,9.46624502e-03,7.13977584e-11,1.84582611e-10
double_orbiter,4.000,1.300,NaN,Success,200.0000,9.49978093e-03,9.46693162e-03,2.68593698e-11,1.67892725e-10
double_orbiter,4.500,1.300,NaN,Success,200.0000,9.50196169e-03,9.46742923e-03,2.16866166e-12,1.54031011e-10
double_orbiter,3.500,1.400,NaN,Success,200.0000,9.49893464e-03,9.46859118e-03,4.71869326e-11,1.36034883e-10
double_orbiter,4.000,1.400,NaN,Success,200.0000,9.50141647e-03,9.46896165e-03,9.06590491e-12,1.24079042e-10
double_orbiter,4.500,1.400,NaN,Success,200.0000,9.50380102e-03,9.46923167e-03,4.94390566e-12,1.13935215e-10
double_orbiter,3.500,1.500,NaN,Success,200.0000,9.49997756e-03,9.47005358e-03,3.21990315e-11,1.03000095e-10
double_orbiter,4.000,1.500,NaN,Success,200.0000,9.50264978e-03,9.47026093e-03,2.25844879e-12,9.39426957e-11
double_orbiter,4.500,1.500,NaN,Success,200.0000,9.50520652e-03,9.47041115e-03,1.97276444e-11,8.61404440e-11
