id,category,config,charges,masses,c,eta,side_or_sep,bounce_r,tmax,dt,retcode,n_steps,t_final,E_drift_pct,bound,max_r,min_r,brake_idx,brake_period,notes
1,2+1-,equi_rot_s1.0_eta0.1,[+1+1-1],[1 1 1],1.0000,0.1000,1.0000,0.0000,50.0,1.0e-03,Failure,371,0.3700,3.900924,false,1.000000,0.071322,0,NaN,
2,2+1-,equi_rot_s1.0_eta0.1,[+1+1-1],[1 1 1],4.0000,0.1000,1.0000,0.0000,50.0,1.0e-03,Success,50001,50.0000,0.139959,false,67.624204,0.102480,0,NaN,
3,2+1-,equi_rot_s2.0_eta0.1,[+1+1-1],[1 1 1],1.0000,0.1000,2.0000,0.0000,50.0,1.0e-03,Failure,1371,1.3700,47.407005,false,2.000000,0.049912,0,NaN,
4,2+1-,equi_rot_s2.0_eta0.1,[+1+1-1],[1 1 1],4.0000,0.1000,2.0000,0.0000,50.0,1.0e-03,Success,50001,50.0000,0.009699,false,43.489301,0.229958,0,NaN,
5,2+1-,equi_rot_s3.0_eta0.1,[+1+1-1],[1 1 1],1.0000,0.1000,3.0000,0.0000,50.0,1.0e-03,Failure,10497,10.4960,239.602136,false,6.280466,0.051272,0,NaN,
6,2+1-,equi_rot_s3.0_eta0.1,[+1+1-1],[1 1 1],4.0000,0.1000,3.0000,0.0000,50.0,1.0e-03,Success,50001,50.0000,0.002380,false,32.188097,0.358197,0,NaN,
7,2+1-,equi_rot_s1.0_eta0.25,[+1+1-1],[1 1 1],1.0000,0.2500,1.0000,0.0000,50.0,1.0e-03,Failure,395,0.3940,23.078423,false,1.000000,0.056804,0,NaN,
8,2+1-,equi_rot_s1.0_eta0.25,[+1+1-1],[1 1 1],4.0000,0.2500,1.0000,0.0000,50.0,1.0e-03,Failure,762,0.7610,50.092319,false,1.159001,0.026176,0,NaN,
9,2+1-,equi_rot_s2.0_eta0.25,[+1+1-1],[1 1 1],1.0000,0.2500,2.0000,0.0000,50.0,1.0e-03,Failure,1422,1.4210,0.067421,false,2.000000,0.070722,0,NaN,
10,2+1-,equi_rot_s2.0_eta0.25,[+1+1-1],[1 1 1],4.0000,0.2500,2.0000,0.0000,50.0,1.0e-03,Failure,34794,34.7930,4.260438,false,37.471520,0.059078,0,NaN,
11,2+1-,equi_rot_s3.0_eta0.25,[+1+1-1],[1 1 1],1.0000,0.2500,3.0000,0.0000,50.0,1.0e-03,Failure,2943,2.9420,137.086280,false,3.000000,0.050234,0,NaN,
12,2+1-,equi_rot_s3.0_eta0.25,[+1+1-1],[1 1 1],4.0000,0.2500,3.0000,0.0000,50.0,1.0e-03,Success,50001,50.0000,0.769386,false,43.866232,0.096397,0,NaN,
13,2+1-,equi_rot_s1.0_eta0.5,[+1+1-1],[1 1 1],1.0000,0.5000,1.0000,0.0000,50.0,1.0e-03,Failure,662,0.6610,140.335277,false,1.083441,0.062046,0,NaN,
14,2+1-,equi_rot_s1.0_eta0.5,[+1+1-1],[1 1 1],4.0000,0.5000,1.0000,0.0000,50.0,1.0e-03,Failure,810,0.8090,4.663989,false,1.293750,0.032327,0,NaN,
15,2+1-,equi_rot_s2.0_eta0.5,[+1+1-1],[1 1 1],1.0000,0.5000,2.0000,0.0000,50.0,1.0e-03,Failure,1632,1.6310,206.245974,false,2.000000,0.045943,0,NaN,
16,2+1-,equi_rot_s2.0_eta0.5,[+1+1-1],[1 1 1],4.0000,0.5000,2.0000,0.0000,50.0,1.0e-03,Failure,2391,2.3900,8.611891,false,2.675132,0.041466,0,NaN,
17,2+1-,equi_rot_s3.0_eta0.5,[+1+1-1],[1 1 1],1.0000,0.5000,3.0000,0.0000,50.0,1.0e-03,Failure,3298,3.2970,367.495257,false,3.105121,0.054498,0,NaN,
18,2+1-,equi_rot_s3.0_eta0.5,[+1+1-1],[1 1 1],4.0000,0.5000,3.0000,0.0000,50.0,1.0e-03,Failure,4464,4.4630,255.769828,false,4.059520,0.025344,0,NaN,
19,2+1-,equi_rot_s1.0_eta0.75,[+1+1-1],[1 1 1],1.0000,0.7500,1.0000,0.0000,50.0,1.0e-03,Failure,463,0.4620,623.927435,false,1.000000,0.115316,0,NaN,
20,2+1-,equi_rot_s1.0_eta0.75,[+1+1-1],[1 1 1],4.0000,0.7500,1.0000,0.0000,50.0,1.0e-03,Failure,899,0.8980,86.700666,false,1.495586,0.039251,0,NaN,
21,2+1-,equi_rot_s2.0_eta0.75,[+1+1-1],[1 1 1],1.0000,0.7500,2.0000,0.0000,50.0,1.0e-03,Success,50001,50.0000,0.906928,false,32.998010,0.138485,0,NaN,
22,2+1-,equi_rot_s2.0_eta0.75,[+1+1-1],[1 1 1],4.0000,0.7500,2.0000,0.0000,50.0,1.0e-03,Failure,2632,2.6310,763.234506,false,3.082653,0.029325,0,NaN,
23,2+1-,equi_rot_s3.0_eta0.75,[+1+1-1],[1 1 1],1.0000,0.7500,3.0000,0.0000,50.0,1.0e-03,Success,50001,50.0000,1.518566,false,45.306772,0.141099,0,NaN,
24,2+1-,equi_rot_s3.0_eta0.75,[+1+1-1],[1 1 1],4.0000,0.7500,3.0000,0.0000,50.0,1.0e-03,Failure,4898,4.8970,658.346646,false,4.673836,0.022205,0,NaN,
25,2+1-,collin_+-+_d1.0_k0.0,[+1-1+1],[1 1 1],1.0000,0.0000,1.0000,0.0000,50.0,1.0e-03,Failure,1276,1.2750,0.407967,false,2.000000,0.057066,0,NaN,
26,2+1-,collin_+-+_d1.0_k0.1,[+1-1+1],[1 1 1],1.0000,0.0000,1.0000,0.0000,50.0,1.0e-03,Failure,1656,1.6550,69.398728,false,2.000000,0.539691,0,NaN,
27,2+1-,collin_+-+_d1.0_k0.3,[+1-1+1],[1 1 1],1.0000,0.0000,1.0000,0.0000,50.0,1.0e-03,Failure,1782,1.7810,67.960548,false,2.000000,0.657951,0,NaN,
28,2+1-,collin_+-+_d2.0_k0.0,[+1-1+1],[1 1 1],1.0000,0.0000,2.0000,0.0000,50.0,1.0e-03,Failure,3621,3.6200,0.815454,false,4.000000,0.057648,0,NaN,
29,2+1-,collin_+-+_d2.0_k0.1,[+1-1+1],[1 1 1],1.0000,0.0000,2.0000,0.0000,50.0,1.0e-03,Failure,4050,4.0490,921.569145,false,4.000000,0.533742,0,NaN,
30,2+1-,collin_+-+_d2.0_k0.3,[+1-1+1],[1 1 1],1.0000,0.0000,2.0000,0.0000,50.0,1.0e-03,Failure,4831,4.8300,111.436258,false,4.000000,0.641882,0,NaN,
31,2+1-,collin_+-+_d3.0_k0.0,[+1-1+1],[1 1 1],1.0000,0.0000,3.0000,0.0000,50.0,1.0e-03,Failure,6658,6.6570,1.356675,false,6.000000,0.056367,0,NaN,
32,2+1-,collin_+-+_d3.0_k0.1,[+1-1+1],[1 1 1],1.0000,0.0000,3.0000,0.0000,50.0,1.0e-03,Failure,7237,7.2360,540.982612,false,6.000000,0.658748,0,NaN,
33,2+1-,collin_+-+_d3.0_k0.3,[+1-1+1],[1 1 1],1.0000,0.0000,3.0000,0.0000,50.0,1.0e-03,Failure,9566,9.5650,151.443530,false,6.000000,1.078825,0,NaN,
34,2+1-,planet_R0.5_eta0.3,[+1+1-1],[1 1 1],1.0000,0.3000,0.5000,0.0200,100.0,1.0e-04,Failure,12,0.0011,0.194513,false,0.500632,0.020891,0,NaN,
35,2+1-,planet_R0.5_eta0.3,[+1+1-1],[1 1 1],4.0000,0.3000,0.5000,0.0200,100.0,1.0e-04,Failure,2523,0.2522,375.080466,false,0.500647,0.017529,0,NaN,
36,2+1-,planet_R1.0_eta0.3,[+1+1-1],[1 1 1],1.0000,0.3000,1.0000,0.0200,100.0,1.0e-04,Failure,12,0.0011,0.174990,false,1.000313,0.020858,0,NaN,
37,2+1-,planet_R1.0_eta0.3,[+1+1-1],[1 1 1],4.0000,0.3000,1.0000,0.0200,100.0,1.0e-04,Failure,87118,8.7117,34.514541,false,14.784236,0.016732,0,NaN,
38,2+1-,planet_R2.0_eta0.3,[+1+1-1],[1 1 1],1.0000,0.3000,2.0000,0.0200,100.0,1.0e-04,Failure,12,0.0011,0.166316,false,2.000156,0.020854,0,NaN,
39,2+1-,planet_R2.0_eta0.3,[+1+1-1],[1 1 1],4.0000,0.3000,2.0000,0.0200,100.0,1.0e-04,Failure,29108,2.9107,46.196396,false,7.815194,0.016660,0,NaN,
40,2+1-,planet_R0.5_eta0.5,[+1+1-1],[1 1 1],1.0000,0.5000,0.5000,0.0200,100.0,1.0e-04,Failure,12,0.0011,0.189943,false,0.500646,0.020914,0,NaN,
41,2+1-,planet_R0.5_eta0.5,[+1+1-1],[1 1 1],4.0000,0.5000,0.5000,0.0200,100.0,1.0e-04,Failure,2587,0.2586,8.822068,false,0.500691,0.017909,0,NaN,
42,2+1-,planet_R1.0_eta0.5,[+1+1-1],[1 1 1],1.0000,0.5000,1.0000,0.0200,100.0,1.0e-04,Failure,12,0.0011,0.173412,false,1.000315,0.020859,0,NaN,
43,2+1-,planet_R1.0_eta0.5,[+1+1-1],[1 1 1],4.0000,0.5000,1.0000,0.0200,100.0,1.0e-04,Failure,97801,9.7800,15.751158,false,7.283151,0.017029,0,NaN,
44,2+1-,planet_R2.0_eta0.5,[+1+1-1],[1 1 1],1.0000,0.5000,2.0000,0.0200,100.0,1.0e-04,Failure,12,0.0011,0.165618,false,2.000156,0.020854,0,NaN,
45,2+1-,planet_R2.0_eta0.5,[+1+1-1],[1 1 1],4.0000,0.5000,2.0000,0.0200,100.0,1.0e-04,Success,1000001,100.0000,14.031361,true,2.000206,0.016327,0,NaN,
46,2+1-,planet_R0.5_eta0.6,[+1+1-1],[1 1 1],1.0000,0.6000,0.5000,0.0200,100.0,1.0e-04,Failure,12,0.0011,0.186907,false,0.500657,0.020930,0,NaN,
47,2+1-,planet_R0.5_eta0.6,[+1+1-1],[1 1 1],4.0000,0.6000,0.5000,0.0200,100.0,1.0e-04,Failure,16368,1.6367,7.915006,false,5.613935,0.016645,0,NaN,
48,2+1-,planet_R1.0_eta0.6,[+1+1-1],[1 1 1],1.0000,0.6000,1.0000,0.0200,100.0,1.0e-04,Failure,12,0.0011,0.172343,false,1.000316,0.020860,0,NaN,
49,2+1-,planet_R1.0_eta0.6,[+1+1-1],[1 1 1],4.0000,0.6000,1.0000,0.0200,100.0,1.0e-04,Success,1000001,100.0000,5.640517,true,1.027138,0.017218,0,NaN,
50,2+1-,planet_R2.0_eta0.6,[+1+1-1],[1 1 1],1.0000,0.6000,2.0000,0.0200,100.0,1.0e-04,Failure,12,0.0011,0.165142,false,2.000157,0.020854,0,NaN,
51,2+1-,planet_R2.0_eta0.6,[+1+1-1],[1 1 1],4.0000,0.6000,2.0000,0.0200,100.0,1.0e-04,Success,1000001,100.0000,2.466836,true,2.000239,0.017228,0,NaN,
52,2+1-,planet_R0.5_eta0.7,[+1+1-1],[1 1 1],1.0000,0.7000,0.5000,0.0200,100.0,1.0e-04,Failure,12,0.0011,0.183424,false,0.500668,0.020949,0,NaN,
53,2+1-,planet_R0.5_eta0.7,[+1+1-1],[1 1 1],4.0000,0.7000,0.5000,0.0200,100.0,1.0e-04,Failure,245614,24.5613,12.160351,false,6.809641,0.016919,0,NaN,
54,2+1-,planet_R1.0_eta0.7,[+1+1-1],[1 1 1],1.0000,0.7000,1.0000,0.0200,100.0,1.0e-04,Failure,12,0.0011,0.171097,false,1.000317,0.020861,0,NaN,
55,2+1-,planet_R1.0_eta0.7,[+1+1-1],[1 1 1],4.0000,0.7000,1.0000,0.0200,100.0,1.0e-04,Success,1000001,100.0000,23.114660,true,1.663471,0.015937,0,NaN,
56,2+1-,planet_R2.0_eta0.7,[+1+1-1],[1 1 1],1.0000,0.7000,2.0000,0.0200,100.0,1.0e-04,Failure,12,0.0011,0.164582,false,2.000157,0.020854,0,NaN,
57,2+1-,planet_R2.0_eta0.7,[+1+1-1],[1 1 1],4.0000,0.7000,2.0000,0.0200,100.0,1.0e-04,Success,1000001,100.0000,10.523060,true,3.043402,0.016566,0,NaN,
58,2+1-,planet_R0.5_eta0.8,[+1+1-1],[1 1 1],1.0000,0.8000,0.5000,0.0200,100.0,1.0e-04,Failure,12,0.0011,0.179539,false,0.500681,0.020971,0,NaN,
59,2+1-,planet_R0.5_eta0.8,[+1+1-1],[1 1 1],4.0000,0.8000,0.5000,0.0200,100.0,1.0e-04,Success,1000001,100.0000,18.737528,true,1.147905,0.016202,0,NaN,
60,2+1-,planet_R1.0_eta0.8,[+1+1-1],[1 1 1],1.0000,0.8000,1.0000,0.0200,100.0,1.0e-04,Failure,12,0.0011,0.169680,false,1.000319,0.020863,0,NaN,
61,2+1-,planet_R1.0_eta0.8,[+1+1-1],[1 1 1],4.0000,0.8000,1.0000,0.0200,100.0,1.0e-04,Success,1000001,100.0000,5.929361,true,1.122078,0.016843,0,NaN,
62,2+1-,planet_R2.0_eta0.8,[+1+1-1],[1 1 1],1.0000,0.8000,2.0000,0.0200,100.0,1.0e-04,Failure,12,0.0011,0.163940,false,2.000157,0.020855,0,NaN,
63,2+1-,planet_R2.0_eta0.8,[+1+1-1],[1 1 1],4.0000,0.8000,2.0000,0.0200,100.0,1.0e-04,Success,1000001,100.0000,1.203385,true,2.000427,0.017228,0,NaN,
64,2+1-,planet_R0.5_eta0.9,[+1+1-1],[1 1 1],1.0000,0.9000,0.5000,0.0200,100.0,1.0e-04,Failure,12,0.0011,0.175303,false,0.500696,0.020995,0,NaN,
65,2+1-,planet_R0.5_eta0.9,[+1+1-1],[1 1 1],4.0000,0.9000,0.5000,0.0200,100.0,1.0e-04,Success,1000001,100.0000,13.665200,true,0.748287,0.016438,0,NaN,
66,2+1-,planet_R1.0_eta0.9,[+1+1-1],[1 1 1],1.0000,0.9000,1.0000,0.0200,100.0,1.0e-04,Failure,12,0.0011,0.168102,false,1.000321,0.020864,0,NaN,
67,2+1-,planet_R1.0_eta0.9,[+1+1-1],[1 1 1],4.0000,0.9000,1.0000,0.0200,100.0,1.0e-04,Success,1000001,100.0000,1.720110,true,1.008499,0.017228,0,NaN,
68,2+1-,planet_R2.0_eta0.9,[+1+1-1],[1 1 1],1.0000,0.9000,2.0000,0.0200,100.0,1.0e-04,Failure,12,0.0011,0.163220,false,2.000157,0.020855,0,NaN,
69,2+1-,planet_R2.0_eta0.9,[+1+1-1],[1 1 1],4.0000,0.9000,2.0000,0.0200,100.0,1.0e-04,Success,1000001,100.0000,0.869265,true,2.001088,0.017228,0,NaN,
70,1+2-,equi_rot_s1.0_eta0.1,[-1-1+1],[1 1 1],1.0000,0.1000,1.0000,0.0000,50.0,1.0e-03,Failure,371,0.3700,3.900924,false,1.000000,0.071322,0,NaN,
71,1+2-,equi_rot_s1.0_eta0.1,[-1-1+1],[1 1 1],4.0000,0.1000,1.0000,0.0000,50.0,1.0e-03,Success,50001,50.0000,0.139959,false,67.624204,0.102480,0,NaN,
72,1+2-,equi_rot_s2.0_eta0.1,[-1-1+1],[1 1 1],1.0000,0.1000,2.0000,0.0000,50.0,1.0e-03,Failure,1371,1.3700,47.407005,false,2.000000,0.049912,0,NaN,
73,1+2-,equi_rot_s2.0_eta0.1,[-1-1+1],[1 1 1],4.0000,0.1000,2.0000,0.0000,50.0,1.0e-03,Success,50001,50.0000,0.009699,false,43.489301,0.229958,0,NaN,
74,1+2-,equi_rot_s1.0_eta0.25,[-1-1+1],[1 1 1],1.0000,0.2500,1.0000,0.0000,50.0,1.0e-03,Failure,395,0.3940,23.078423,false,1.000000,0.056804,0,NaN,
75,1+2-,equi_rot_s1.0_eta0.25,[-1-1+1],[1 1 1],4.0000,0.2500,1.0000,0.0000,50.0,1.0e-03,Failure,762,0.7610,50.092319,false,1.159001,0.026176,0,NaN,
76,1+2-,equi_rot_s2.0_eta0.25,[-1-1+1],[1 1 1],1.0000,0.2500,2.0000,0.0000,50.0,1.0e-03,Failure,1422,1.4210,0.067421,false,2.000000,0.070722,0,NaN,
77,1+2-,equi_rot_s2.0_eta0.25,[-1-1+1],[1 1 1],4.0000,0.2500,2.0000,0.0000,50.0,1.0e-03,Failure,34794,34.7930,4.260438,false,37.471520,0.059078,0,NaN,
78,1+2-,equi_rot_s1.0_eta0.5,[-1-1+1],[1 1 1],1.0000,0.5000,1.0000,0.0000,50.0,1.0e-03,Failure,662,0.6610,140.335277,false,1.083441,0.062046,0,NaN,
79,1+2-,equi_rot_s1.0_eta0.5,[-1-1+1],[1 1 1],4.0000,0.5000,1.0000,0.0000,50.0,1.0e-03,Failure,810,0.8090,4.663989,false,1.293750,0.032327,0,NaN,
80,1+2-,equi_rot_s2.0_eta0.5,[-1-1+1],[1 1 1],1.0000,0.5000,2.0000,0.0000,50.0,1.0e-03,Failure,1632,1.6310,206.245974,false,2.000000,0.045943,0,NaN,
81,1+2-,equi_rot_s2.0_eta0.5,[-1-1+1],[1 1 1],4.0000,0.5000,2.0000,0.0000,50.0,1.0e-03,Failure,2391,2.3900,8.611891,false,2.675132,0.041466,0,NaN,
82,1+2-,equi_rot_s1.0_eta0.75,[-1-1+1],[1 1 1],1.0000,0.7500,1.0000,0.0000,50.0,1.0e-03,Failure,463,0.4620,623.927435,false,1.000000,0.115316,0,NaN,
83,1+2-,equi_rot_s1.0_eta0.75,[-1-1+1],[1 1 1],4.0000,0.7500,1.0000,0.0000,50.0,1.0e-03,Failure,899,0.8980,86.700666,false,1.495586,0.039251,0,NaN,
84,1+2-,equi_rot_s2.0_eta0.75,[-1-1+1],[1 1 1],1.0000,0.7500,2.0000,0.0000,50.0,1.0e-03,Success,50001,50.0000,0.906928,false,32.998010,0.138485,0,NaN,
85,1+2-,equi_rot_s2.0_eta0.75,[-1-1+1],[1 1 1],4.0000,0.7500,2.0000,0.0000,50.0,1.0e-03,Failure,2632,2.6310,763.234506,false,3.082653,0.029325,0,NaN,
86,1+2-,planet_R0.5_eta0.5,[-1-1+1],[1 1 1],4.0000,0.5000,0.5000,0.0200,100.0,1.0e-04,Failure,2587,0.2586,8.822068,false,0.500691,0.017909,0,NaN,
87,1+2-,planet_R1.0_eta0.5,[-1-1+1],[1 1 1],4.0000,0.5000,1.0000,0.0200,100.0,1.0e-04,Failure,97801,9.7800,15.751158,false,7.283151,0.017029,0,NaN,
88,1+2-,planet_R2.0_eta0.5,[-1-1+1],[1 1 1],4.0000,0.5000,2.0000,0.0200,100.0,1.0e-04,Success,1000001,100.0000,14.031361,true,2.000206,0.016327,0,NaN,
89,1+2-,planet_R0.5_eta0.7,[-1-1+1],[1 1 1],4.0000,0.7000,0.5000,0.0200,100.0,1.0e-04,Failure,245614,24.5613,12.160351,false,6.809641,0.016919,0,NaN,
90,1+2-,planet_R1.0_eta0.7,[-1-1+1],[1 1 1],4.0000,0.7000,1.0000,0.0200,100.0,1.0e-04,Success,1000001,100.0000,23.114660,true,1.663471,0.015937,0,NaN,
91,1+2-,planet_R2.0_eta0.7,[-1-1+1],[1 1 1],4.0000,0.7000,2.0000,0.0200,100.0,1.0e-04,Success,1000001,100.0000,10.523060,true,3.043402,0.016566,0,NaN,
92,1+2-,planet_R0.5_eta0.8,[-1-1+1],[1 1 1],4.0000,0.8000,0.5000,0.0200,100.0,1.0e-04,Success,1000001,100.0000,18.737528,true,1.147905,0.016202,0,NaN,
93,1+2-,planet_R1.0_eta0.8,[-1-1+1],[1 1 1],4.0000,0.8000,1.0000,0.0200,100.0,1.0e-04,Success,1000001,100.0000,5.929361,true,1.122078,0.016843,0,NaN,
94,1+2-,planet_R2.0_eta0.8,[-1-1+1],[1 1 1],4.0000,0.8000,2.0000,0.0200,100.0,1.0e-04,Success,1000001,100.0000,1.203385,true,2.000427,0.017228,0,NaN,
95,1+2-,planet_R0.5_eta0.9,[-1-1+1],[1 1 1],4.0000,0.9000,0.5000,0.0200,100.0,1.0e-04,Success,1000001,100.0000,13.665200,true,0.748287,0.016438,0,NaN,
96,1+2-,planet_R1.0_eta0.9,[-1-1+1],[1 1 1],4.0000,0.9000,1.0000,0.0200,100.0,1.0e-04,Success,1000001,100.0000,1.720110,true,1.008499,0.017228,0,NaN,
97,1+2-,planet_R2.0_eta0.9,[-1-1+1],[1 1 1],4.0000,0.9000,2.0000,0.0200,100.0,1.0e-04,Success,1000001,100.0000,0.869265,true,2.001088,0.017228,0,NaN,
98,+++,equi_rot_s0.05_eta0.1,[+1+1+1],[1 1 1],1.0000,0.1000,0.0500,0.0200,5.0,1.0e-04,Failure,7,0.0006,0.886503,false,0.050000,0.029081,0,NaN,
99,+++,equi_rot_s0.05_eta0.1,[+1+1+1],[1 1 1],4.0000,0.1000,0.0500,0.0200,5.0,1.0e-04,Failure,32,0.0031,5.208402,false,0.050000,0.014501,0,NaN,
100,+++,equi_rot_s0.05_eta0.25,[+1+1+1],[1 1 1],1.0000,0.2500,0.0500,0.0200,5.0,1.0e-04,Failure,6,0.0005,1.030076,false,0.050000,0.032667,0,NaN,
101,+++,equi_rot_s0.05_eta0.25,[+1+1+1],[1 1 1],4.0000,0.2500,0.0500,0.0200,5.0,1.0e-04,Failure,114,0.0113,888.025053,false,0.198289,0.010175,0,NaN,
102,+++,equi_rot_s0.05_eta0.5,[+1+1+1],[1 1 1],1.0000,0.5000,0.0500,0.0200,5.0,1.0e-04,Failure,5,0.0004,1.102881,false,0.050000,0.035827,0,NaN,
103,+++,equi_rot_s0.05_eta0.5,[+1+1+1],[1 1 1],4.0000,0.5000,0.0500,0.0200,5.0,1.0e-04,Failure,85,0.0084,1201.858213,false,0.194848,0.010415,0,NaN,
104,+++,equi_rot_s0.08_eta0.1,[+1+1+1],[1 1 1],1.0000,0.1000,0.0800,0.0200,5.0,1.0e-04,Failure,18,0.0017,1.366441,false,0.080000,0.033061,0,NaN,
105,+++,equi_rot_s0.08_eta0.1,[+1+1+1],[1 1 1],4.0000,0.1000,0.0800,0.0200,5.0,1.0e-04,Failure,90,0.0089,23.727947,false,0.080000,0.013555,0,NaN,
106,+++,equi_rot_s0.08_eta0.25,[+1+1+1],[1 1 1],1.0000,0.2500,0.0800,0.0200,5.0,1.0e-04,Failure,16,0.0015,3.338662,false,0.080000,0.033894,0,NaN,
107,+++,equi_rot_s0.08_eta0.25,[+1+1+1],[1 1 1],4.0000,0.2500,0.0800,0.0200,5.0,1.0e-04,Failure,147,0.0146,1789.915226,false,0.193532,0.011583,0,NaN,
108,+++,equi_rot_s0.08_eta0.5,[+1+1+1],[1 1 1],1.0000,0.5000,0.0800,0.0200,5.0,1.0e-04,Failure,13,0.0012,1.202947,false,0.080000,0.044544,0,NaN,
109,+++,equi_rot_s0.08_eta0.5,[+1+1+1],[1 1 1],4.0000,0.5000,0.0800,0.0200,5.0,1.0e-04,Failure,68,0.0067,36.383471,false,0.080000,0.017925,0,NaN,
110,+++,equi_rot_s0.1_eta0.1,[+1+1+1],[1 1 1],1.0000,0.1000,0.1000,0.0200,5.0,1.0e-04,Failure,28,0.0027,1.035779,false,0.100000,0.037830,0,NaN,
111,+++,equi_rot_s0.1_eta0.1,[+1+1+1],[1 1 1],4.0000,0.1000,0.1000,0.0200,5.0,1.0e-04,Failure,237,0.0236,1514.036093,false,0.191886,0.011577,0,NaN,
112,+++,equi_rot_s0.1_eta0.25,[+1+1+1],[1 1 1],1.0000,0.2500,0.1000,0.0200,5.0,1.0e-04,Failure,25,0.0024,3.700750,false,0.100000,0.036742,0,NaN,
113,+++,equi_rot_s0.1_eta0.25,[+1+1+1],[1 1 1],4.0000,0.2500,0.1000,0.0200,5.0,1.0e-04,Failure,134,0.0133,83.741019,false,0.100000,0.014690,0,NaN,
114,+++,equi_rot_s0.1_eta0.5,[+1+1+1],[1 1 1],1.0000,0.5000,0.1000,0.0200,5.0,1.0e-04,Failure,21,0.0020,2.440325,false,0.100000,0.044527,0,NaN,
115,+++,equi_rot_s0.1_eta0.5,[+1+1+1],[1 1 1],4.0000,0.5000,0.1000,0.0200,5.0,1.0e-04,Failure,115,0.0114,239.990878,false,0.100000,0.014030,0,NaN,
116,+++,collin_breath_d0.05,[+1+1+1],[1 1 1],1.0000,0.0000,0.0500,0.0200,2.0,1.0e-05,Success,200001,2.0000,151.924444,true,0.235962,0.010207,283,0.005640,
117,+++,collin_breath_d0.05,[+1+1+1],[1 1 1],4.0000,0.0000,0.0500,0.0200,2.0,1.0e-05,Success,200001,2.0000,109.035082,true,0.126906,0.012123,1367,0.027320,
118,+++,collin_breath_d0.1,[+1+1+1],[1 1 1],1.0000,0.0000,0.1000,0.0200,2.0,1.0e-05,Failure,38804,0.3880,1541.264766,false,0.973459,0.002702,1199,0.023960,
119,+++,collin_breath_d0.1,[+1+1+1],[1 1 1],4.0000,0.0000,0.1000,0.0200,2.0,1.0e-05,Failure,32453,0.3245,656.809798,false,0.208623,0.004674,8441,0.168800,
120,+++,equi_rot_super_s1.0,[+1+1+1],[1 1 1],1.0000,0.5000,1.0000,0.0200,20.0,1.0e-03,Failure,250,0.2490,97.543953,false,1.000000,0.131276,0,NaN,
121,+++,equi_rot_super_s2.0,[+1+1+1],[1 1 1],1.0000,0.5000,2.0000,0.0200,20.0,1.0e-03,Failure,1292,1.2910,343.829275,false,2.000000,0.145714,0,NaN,
122,asym,He_q2m10_R1.0_api_eta0.1,[+2-1-1],[10 1 1],1.0000,0.1000,1.0000,0.0000,50.0,1.0e-03,Failure,2942,2.9410,5.673152,false,2.000000,0.049614,0,NaN,
123,asym,He_q2m10_R1.0_a2pi3_eta0.1,[+2-1-1],[10 1 1],1.0000,0.1000,1.0000,0.0000,50.0,1.0e-03,Failure,468,0.4670,2.352077,false,1.732051,0.078980,0,NaN,
124,asym,He_q2m10_R2.0_api_eta0.1,[+2-1-1],[10 1 1],1.0000,0.1000,2.0000,0.0000,50.0,1.0e-03,Failure,15253,15.2520,121.833413,false,4.000000,0.049979,0,NaN,
125,asym,He_q2m10_R2.0_a2pi3_eta0.1,[+2-1-1],[10 1 1],1.0000,0.1000,2.0000,0.0000,50.0,1.0e-03,Failure,1642,1.6410,8.891893,false,3.464102,0.080883,0,NaN,
126,asym,He_q2m10_R1.0_api_eta0.25,[+2-1-1],[10 1 1],1.0000,0.2500,1.0000,0.0000,50.0,1.0e-03,Failure,5281,5.2800,27.413470,false,2.000000,0.053988,0,NaN,
127,asym,He_q2m10_R1.0_a2pi3_eta0.25,[+2-1-1],[10 1 1],1.0000,0.2500,1.0000,0.0000,50.0,1.0e-03,Failure,506,0.5050,23.837451,false,1.732051,0.047986,0,NaN,
128,asym,He_q2m10_R2.0_api_eta0.25,[+2-1-1],[10 1 1],1.0000,0.2500,2.0000,0.0000,50.0,1.0e-03,Success,50001,50.0000,0.219573,true,26.408618,0.124423,0,NaN,
129,asym,He_q2m10_R2.0_a2pi3_eta0.25,[+2-1-1],[10 1 1],1.0000,0.2500,2.0000,0.0000,50.0,1.0e-03,Failure,6990,6.9890,231.027015,false,3.464102,0.042384,0,NaN,
130,asym,He_q2m10_R1.0_api_eta0.5,[+2-1-1],[10 1 1],1.0000,0.5000,1.0000,0.0000,50.0,1.0e-03,Failure,21333,21.3320,578.189603,false,3.685853,0.096255,0,NaN,
131,asym,He_q2m10_R1.0_a2pi3_eta0.5,[+2-1-1],[10 1 1],1.0000,0.5000,1.0000,0.0000,50.0,1.0e-03,Failure,1339,1.3380,477.549702,false,1.732051,0.113740,0,NaN,
132,asym,He_q2m10_R2.0_api_eta0.5,[+2-1-1],[10 1 1],1.0000,0.5000,2.0000,0.0000,50.0,1.0e-03,Success,50001,50.0000,0.000026,true,4.000000,0.999994,0,NaN,
133,asym,He_q2m10_R2.0_a2pi3_eta0.5,[+2-1-1],[10 1 1],1.0000,0.5000,2.0000,0.0000,50.0,1.0e-03,Success,50001,50.0000,0.020068,true,5.193057,0.233980,0,NaN,
134,asym,He_q2m10_R1.0_api_eta0.75,[+2-1-1],[10 1 1],1.0000,0.7500,1.0000,0.0000,50.0,1.0e-03,Success,50001,50.0000,12.374141,true,11.218011,0.056310,0,NaN,
135,asym,He_q2m10_R1.0_a2pi3_eta0.75,[+2-1-1],[10 1 1],1.0000,0.7500,1.0000,0.0000,50.0,1.0e-03,Failure,14522,14.5210,10.679430,false,3.582760,0.076016,0,NaN,
136,asym,He_q2m10_R2.0_api_eta0.75,[+2-1-1],[10 1 1],1.0000,0.7500,2.0000,0.0000,50.0,1.0e-03,Success,50001,50.0000,0.000000,true,4.000000,1.999938,0,NaN,
137,asym,He_q2m10_R2.0_a2pi3_eta0.75,[+2-1-1],[10 1 1],1.0000,0.7500,2.0000,0.0000,50.0,1.0e-03,Success,50001,50.0000,0.007582,true,9.829472,0.306935,0,NaN,
138,asym,inv_He_q-2_R1.0_eta0.25,[-2+1+1],[1 1 1],1.0000,0.2500,1.0000,0.0000,50.0,1.0e-03,Failure,2118,2.1170,13.496862,false,2.000000,0.077260,0,NaN,
139,asym,inv_He_q-2_R2.0_eta0.25,[-2+1+1],[1 1 1],1.0000,0.2500,2.0000,0.0000,50.0,1.0e-03,Failure,39951,39.9500,19.553204,false,44.030285,0.069304,0,NaN,
140,asym,inv_He_q-2_R1.0_eta0.5,[-2+1+1],[1 1 1],1.0000,0.5000,1.0000,0.0000,50.0,1.0e-03,Failure,3888,3.8870,10.969829,false,2.015050,0.062514,0,NaN,
141,asym,inv_He_q-2_R2.0_eta0.5,[-2+1+1],[1 1 1],1.0000,0.5000,2.0000,0.0000,50.0,1.0e-03,Success,50001,50.0000,0.030172,false,50.372590,0.236300,0,NaN,
142,asym,inv_He_q-2_R1.0_eta0.75,[-2+1+1],[1 1 1],1.0000,0.7500,1.0000,0.0000,50.0,1.0e-03,Success,50001,50.0000,0.043831,false,50.735809,0.191467,0,NaN,
143,asym,inv_He_q-2_R2.0_eta0.75,[-2+1+1],[1 1 1],1.0000,0.7500,2.0000,0.0000,50.0,1.0e-03,Success,50001,50.0000,0.003283,true,29.238043,0.405913,0,NaN,
144,asym,He_c4_R0.5_eta0.5,[+2-1-1],[10 1 1],4.0000,0.5000,0.5000,0.0000,50.0,1.0e-03,Success,50001,50.0000,0.349336,false,12.385434,0.066162,0,NaN,
145,asym,He_c4_R1.0_eta0.5,[+2-1-1],[10 1 1],4.0000,0.5000,1.0000,0.0000,50.0,1.0e-03,Success,50001,50.0000,0.005357,false,33.596553,0.207086,0,NaN,
146,asym,He_c4_R0.5_eta0.7,[+2-1-1],[10 1 1],4.0000,0.7000,0.5000,0.0000,50.0,1.0e-03,Success,50001,50.0000,0.009074,true,5.568186,0.157083,0,NaN,
147,asym,He_c4_R1.0_eta0.7,[+2-1-1],[10 1 1],4.0000,0.7000,1.0000,0.0000,50.0,1.0e-03,Success,50001,50.0000,0.000926,true,14.695367,0.332087,0,NaN,
148,asym,He_c4_R0.5_eta0.8,[+2-1-1],[10 1 1],4.0000,0.8000,0.5000,0.0000,50.0,1.0e-03,Success,50001,50.0000,0.003050,true,8.914920,0.210332,0,NaN,
149,asym,He_c4_R1.0_eta0.8,[+2-1-1],[10 1 1],4.0000,0.8000,1.0000,0.0000,50.0,1.0e-03,Success,50001,50.0000,0.000560,true,11.861176,0.387780,0,NaN,
150,perturb,He_q2m10_R2.0_api_eta0.75_d001,[+2-1-1],[10 1 1],1.0000,0.7500,2.0000,0.0000,50.0,1.0e-03,Success,50001,50.0000,0.001536,true,10.784361,0.422637,0,NaN,delta=0.01_base=136
151,perturb,He_q2m10_R2.0_api_eta0.75_d005,[+2-1-1],[10 1 1],1.0000,0.7500,2.0000,0.0000,50.0,1.0e-03,Success,50001,50.0000,0.001205,true,10.682730,0.448873,0,NaN,delta=0.05_base=136
152,perturb,He_q2m10_R2.0_api_eta0.75_d01,[+2-1-1],[10 1 1],1.0000,0.7500,2.0000,0.0000,50.0,1.0e-03,Success,50001,50.0000,0.002935,true,12.269775,0.377759,0,NaN,delta=0.1_base=136
153,perturb,He_q2m10_R2.0_api_eta0.5_d001,[+2-1-1],[10 1 1],1.0000,0.5000,2.0000,0.0000,50.0,1.0e-03,Success,50001,50.0000,0.007640,true,38.080658,0.213340,0,NaN,delta=0.01_base=132
154,perturb,He_q2m10_R2.0_api_eta0.5_d005,[+2-1-1],[10 1 1],1.0000,0.5000,2.0000,0.0000,50.0,1.0e-03,Failure,5782,5.7810,1098.707751,false,4.045524,0.054402,0,NaN,delta=0.05_base=132
155,perturb,He_q2m10_R2.0_api_eta0.5_d01,[+2-1-1],[10 1 1],1.0000,0.5000,2.0000,0.0000,50.0,1.0e-03,Failure,4118,4.1170,367.216697,false,4.091339,0.165255,0,NaN,delta=0.1_base=132
156,perturb,He_c4_R1.0_eta0.8_d001,[+2-1-1],[10 1 1],4.0000,0.8000,1.0000,0.0000,50.0,1.0e-03,Success,50001,50.0000,0.000459,true,18.314750,0.405244,0,NaN,delta=0.01_base=149
157,perturb,He_c4_R1.0_eta0.8_d005,[+2-1-1],[10 1 1],4.0000,0.8000,1.0000,0.0000,50.0,1.0e-03,Success,50001,50.0000,0.000542,true,19.662898,0.391037,0,NaN,delta=0.05_base=149
158,perturb,He_c4_R1.0_eta0.8_d01,[+2-1-1],[10 1 1],4.0000,0.8000,1.0000,0.0000,50.0,1.0e-03,Success,50001,50.0000,0.000519,false,23.624323,0.394080,0,NaN,delta=0.1_base=149
159,perturb,He_c4_R1.0_eta0.7_d001,[+2-1-1],[10 1 1],4.0000,0.7000,1.0000,0.0000,50.0,1.0e-03,Success,50001,50.0000,0.000887,false,29.839315,0.337564,0,NaN,delta=0.01_base=147
160,perturb,He_c4_R1.0_eta0.7_d005,[+2-1-1],[10 1 1],4.0000,0.7000,1.0000,0.0000,50.0,1.0e-03,Success,50001,50.0000,0.000387,false,29.049884,0.407694,0,NaN,delta=0.05_base=147
161,perturb,He_c4_R1.0_eta0.7_d01,[+2-1-1],[10 1 1],4.0000,0.7000,1.0000,0.0000,50.0,1.0e-03,Success,50001,50.0000,0.000967,false,37.784763,0.330099,0,NaN,delta=0.1_base=147
162,perturb,He_c4_R0.5_eta0.8_d001,[+2-1-1],[10 1 1],4.0000,0.8000,0.5000,0.0000,50.0,1.0e-03,Success,50001,50.0000,0.006421,true,6.485995,0.178850,0,NaN,delta=0.01_base=148
163,perturb,He_c4_R0.5_eta0.8_d005,[+2-1-1],[10 1 1],4.0000,0.8000,0.5000,0.0000,50.0,1.0e-03,Success,50001,50.0000,0.003379,false,24.192610,0.213956,0,NaN,delta=0.05_base=148
164,perturb,He_c4_R0.5_eta0.8_d01,[+2-1-1],[10 1 1],4.0000,0.8000,0.5000,0.0000,50.0,1.0e-03,Success,50001,50.0000,0.002988,false,41.961579,0.228553,0,NaN,delta=0.1_base=148
165,perturb,inv_He_q-2_R2.0_eta0.75_d001,[-2+1+1],[1 1 1],1.0000,0.7500,2.0000,0.0000,50.0,1.0e-03,Success,50001,50.0000,0.001343,true,10.454590,0.431404,0,NaN,delta=0.01_base=143
166,perturb,inv_He_q-2_R2.0_eta0.75_d005,[-2+1+1],[1 1 1],1.0000,0.7500,2.0000,0.0000,50.0,1.0e-03,Success,50001,50.0000,0.008619,true,11.952002,0.299786,0,NaN,delta=0.05_base=143
167,perturb,inv_He_q-2_R2.0_eta0.75_d01,[-2+1+1],[1 1 1],1.0000,0.7500,2.0000,0.0000,50.0,1.0e-03,Success,50001,50.0000,0.030588,true,17.163291,0.234389,0,NaN,delta=0.1_base=143
168,perturb,He_q2m10_R2.0_a2pi3_eta0.75_d001,[+2-1-1],[10 1 1],1.0000,0.7500,2.0000,0.0000,50.0,1.0e-03,Success,50001,50.0000,0.001315,true,10.582886,0.434386,0,NaN,delta=0.01_base=137
169,perturb,He_q2m10_R2.0_a2pi3_eta0.75_d005,[+2-1-1],[10 1 1],1.0000,0.7500,2.0000,0.0000,50.0,1.0e-03,Success,50001,50.0000,0.007036,true,13.260821,0.314844,0,NaN,delta=0.05_base=137
170,perturb,He_q2m10_R2.0_a2pi3_eta0.75_d01,[+2-1-1],[10 1 1],1.0000,0.7500,2.0000,0.0000,50.0,1.0e-03,Success,50001,50.0000,0.030786,true,17.756649,0.238258,0,NaN,delta=0.1_base=137
171,perturb,He_c4_R0.5_eta0.7_d001,[+2-1-1],[10 1 1],4.0000,0.7000,0.5000,0.0000,50.0,1.0e-03,Success,50001,50.0000,0.008438,false,28.973269,0.161909,0,NaN,delta=0.01_base=146
172,perturb,He_c4_R0.5_eta0.7_d005,[+2-1-1],[10 1 1],4.0000,0.7000,0.5000,0.0000,50.0,1.0e-03,Success,50001,50.0000,0.013260,true,7.896899,0.156766,0,NaN,delta=0.05_base=146
173,perturb,He_c4_R0.5_eta0.7_d01,[+2-1-1],[10 1 1],4.0000,0.7000,0.5000,0.0000,50.0,1.0e-03,Success,50001,50.0000,0.058980,false,24.942179,0.122654,0,NaN,delta=0.1_base=146
174,perturb,He_q2m10_R2.0_a2pi3_eta0.5_d001,[+2-1-1],[10 1 1],1.0000,0.5000,2.0000,0.0000,50.0,1.0e-03,Success,50001,50.0000,0.000900,true,5.455860,0.400918,0,NaN,delta=0.01_base=133
175,perturb,He_q2m10_R2.0_a2pi3_eta0.5_d005,[+2-1-1],[10 1 1],1.0000,0.5000,2.0000,0.0000,50.0,1.0e-03,Failure,6167,6.1660,1094.371065,false,4.028760,0.071705,0,NaN,delta=0.05_base=133
176,perturb,He_q2m10_R2.0_a2pi3_eta0.5_d01,[+2-1-1],[10 1 1],1.0000,0.5000,2.0000,0.0000,50.0,1.0e-03,Failure,4222,4.2210,25.958344,false,4.063316,0.067274,0,NaN,delta=0.1_base=133
177,perturb,He_q2m10_R2.0_api_eta0.25_d001,[+2-1-1],[10 1 1],1.0000,0.2500,2.0000,0.0000,50.0,1.0e-03,Failure,2791,2.7900,27.102623,false,3.989217,0.048820,0,NaN,delta=0.01_base=128
178,perturb,He_q2m10_R2.0_api_eta0.25_d005,[+2-1-1],[10 1 1],1.0000,0.2500,2.0000,0.0000,50.0,1.0e-03,Failure,2790,2.7890,1507.303552,false,3.946388,0.372239,0,NaN,delta=0.05_base=128
179,perturb,He_q2m10_R2.0_api_eta0.25_d01,[+2-1-1],[10 1 1],1.0000,0.2500,2.0000,0.0000,50.0,1.0e-03,Failure,2840,2.8390,1123.181345,false,3.893588,0.245064,0,NaN,delta=0.1_base=128
