id,family,period,energy,max_floquet_mag,bound,drift_pct,q0,p0
F1a_pure_brake_s0.50,breathing_square_L0,-1.000000,-5.171573,-1.000000,false,-1.0000,0.25;0.25;-0.25;-0.25;-0.25;0.25;0.25;-0.25,0.0;0.0;0.0;0.0;0.0;0.0;0.0;0.0
F1b_outbreath_s0.50_v0.10,breathing_square_L0,-1.000000,-5.128141,-1.000000,false,-1.0000,0.25;0.25;-0.25;-0.25;-0.25;0.25;0.25;-0.25,0.07071067811865475;0.07071067811865475;-0.07071067811865475;-0.07071067811865475;-0.07071067811865475;0.07071067811865475;0.07071067811865475;-0.07071067811865475
F1b_outbreath_s0.50_v0.30,breathing_square_L0,0.185000,-4.780690,-1.000000,false,-1.0000,0.25;0.25;-0.25;-0.25;-0.25;0.25;0.25;-0.25,0.21213203435596423;0.21213203435596423;-0.21213203435596423;-0.21213203435596423;-0.21213203435596423;0.21213203435596423;0.21213203435596423;-0.21213203435596423
F1b_outbreath_s0.50_v0.40,breathing_square_L0,0.272000,-4.476670,-1.000000,false,-1.0000,0.25;0.25;-0.25;-0.25;-0.25;0.25;0.25;-0.25,0.282842712474619;0.282842712474619;-0.282842712474619;-0.282842712474619;-0.282842712474619;0.282842712474619;0.282842712474619;-0.282842712474619
F1b_outbreath_s0.50_v0.50,breathing_square_L0,0.392000,-4.085786,-1.000000,false,-1.0000,0.25;0.25;-0.25;-0.25;-0.25;0.25;0.25;-0.25,0.35355339059327373;0.35355339059327373;-0.35355339059327373;-0.35355339059327373;-0.35355339059327373;0.35355339059327373;0.35355339059327373;-0.35355339059327373
F1b_outbreath_s0.50_v0.60,breathing_square_L0,0.569000,-3.608040,-1.000000,false,-1.0000,0.25;0.25;-0.25;-0.25;-0.25;0.25;0.25;-0.25,0.42426406871192845;0.42426406871192845;-0.42426406871192845;-0.42426406871192845;-0.42426406871192845;0.42426406871192845;0.42426406871192845;-0.42426406871192845
F1b_outbreath_s0.50_v0.70,breathing_square_L0,0.862000,-3.043431,-1.000000,false,-1.0000,0.25;0.25;-0.25;-0.25;-0.25;0.25;0.25;-0.25,0.4949747468305832;0.4949747468305832;-0.4949747468305832;-0.4949747468305832;-0.4949747468305832;0.4949747468305832;0.4949747468305832;-0.4949747468305832
F1a_pure_brake_s1.00,breathing_square_L0,-1.000000,-2.585786,-1.000000,false,-1.0000,0.5;0.5;-0.5;-0.5;-0.5;0.5;0.5;-0.5,0.0;0.0;0.0;0.0;0.0;0.0;0.0;0.0
F1b_outbreath_s1.00_v0.10,breathing_square_L0,0.223000,-2.554071,-1.000000,false,-1.0000,0.5;0.5;-0.5;-0.5;-0.5;0.5;0.5;-0.5,0.07071067811865475;0.07071067811865475;-0.07071067811865475;-0.07071067811865475;-0.07071067811865475;0.07071067811865475;0.07071067811865475;-0.07071067811865475
F1b_outbreath_s1.00_v0.30,breathing_square_L0,0.779000,-2.300345,-1.000000,false,-1.0000,0.5;0.5;-0.5;-0.5;-0.5;0.5;0.5;-0.5,0.21213203435596423;0.21213203435596423;-0.21213203435596423;-0.21213203435596423;-0.21213203435596423;0.21213203435596423;0.21213203435596423;-0.21213203435596423
F1b_outbreath_s1.00_v0.40,breathing_square_L0,1.205000,-2.078335,-1.000000,false,-1.0000,0.5;0.5;-0.5;-0.5;-0.5;0.5;0.5;-0.5,0.282842712474619;0.282842712474619;-0.282842712474619;-0.282842712474619;-0.282842712474619;0.282842712474619;0.282842712474619;-0.282842712474619
F1b_outbreath_s1.00_v0.50,breathing_square_L0,1.872000,-1.792893,-1.000000,false,-1.0000,0.5;0.5;-0.5;-0.5;-0.5;0.5;0.5;-0.5,0.35355339059327373;0.35355339059327373;-0.35355339059327373;-0.35355339059327373;-0.35355339059327373;0.35355339059327373;0.35355339059327373;-0.35355339059327373
F1b_outbreath_s1.00_v0.60,breathing_square_L0,3.097000,-1.444020,-1.000000,false,-1.0000,0.5;0.5;-0.5;-0.5;-0.5;0.5;0.5;-0.5,0.42426406871192845;0.42426406871192845;-0.42426406871192845;-0.42426406871192845;-0.42426406871192845;0.42426406871192845;0.42426406871192845;-0.42426406871192845
F1b_outbreath_s1.00_v0.70,breathing_square_L0,5.965000,-1.031716,-1.000000,false,-1.0000,0.5;0.5;-0.5;-0.5;-0.5;0.5;0.5;-0.5,0.4949747468305832;0.4949747468305832;-0.4949747468305832;-0.4949747468305832;-0.4949747468305832;0.4949747468305832;0.4949747468305832;-0.4949747468305832
F1a_pure_brake_s2.00,breathing_square_L0,-1.000000,-1.292893,-1.000000,false,-1.0000,1.0;1.0;-1.0;-1.0;-1.0;1.0;1.0;-1.0,0.0;0.0;0.0;0.0;0.0;0.0;0.0;0.0
F1b_outbreath_s2.00_v0.10,breathing_square_L0,0.900000,-1.267035,-1.000000,false,-1.0000,1.0;1.0;-1.0;-1.0;-1.0;1.0;1.0;-1.0,0.07071067811865475;0.07071067811865475;-0.07071067811865475;-0.07071067811865475;-0.07071067811865475;0.07071067811865475;0.07071067811865475;-0.07071067811865475
F1b_outbreath_s2.00_v0.30,breathing_square_L0,3.477000,-1.060172,-1.000000,false,-1.0000,1.0;1.0;-1.0;-1.0;-1.0;1.0;1.0;-1.0,0.21213203435596423;0.21213203435596423;-0.21213203435596423;-0.21213203435596423;-0.21213203435596423;0.21213203435596423;0.21213203435596423;-0.21213203435596423
F1b_outbreath_s2.00_v0.40,breathing_square_L0,6.055000,-0.879167,-1.000000,false,-1.0000,1.0;1.0;-1.0;-1.0;-1.0;1.0;1.0;-1.0,0.282842712474619;0.282842712474619;-0.282842712474619;-0.282842712474619;-0.282842712474619;0.282842712474619;0.282842712474619;-0.282842712474619
F1b_outbreath_s2.00_v0.50,breathing_square_L0,11.783000,-0.646447,228.571064,true,0.0000,1.0;1.0;-1.0;-1.0;-1.0;1.0;1.0;-1.0,0.35355339059327373;0.35355339059327373;-0.35355339059327373;-0.35355339059327373;-0.35355339059327373;0.35355339059327373;0.35355339059327373;-0.35355339059327373
F1b_outbreath_s2.00_v0.60,breathing_square_L0,-1.000000,-0.362010,-1.000000,true,0.0000,1.0;1.0;-1.0;-1.0;-1.0;1.0;1.0;-1.0,0.42426406871192845;0.42426406871192845;-0.42426406871192845;-0.42426406871192845;-0.42426406871192845;0.42426406871192845;0.42426406871192845;-0.42426406871192845
F1b_outbreath_s2.00_v0.70,breathing_square_L0,-1.000000,-0.025858,-1.000000,true,0.0000,1.0;1.0;-1.0;-1.0;-1.0;1.0;1.0;-1.0,0.4949747468305832;0.4949747468305832;-0.4949747468305832;-0.4949747468305832;-0.4949747468305832;0.4949747468305832;0.4949747468305832;-0.4949747468305832
F2_rotsq_d+0.000,rotating_square,0.500000,-1.292893,-1.000000,false,-1.0000,0.5;0.5;-0.5;-0.5;-0.5;0.5;0.5;-0.5,-0.5685273121876936;0.5685273121876936;0.5685273121876936;-0.5685273121876936;-0.5685273121876936;-0.5685273121876936;0.5685273121876936;0.5685273121876936
F2_rotsq_d+0.010,rotating_square,0.500000,-1.256835,-1.000000,false,-1.0000,0.5070710678118655;0.5070710678118655;-0.5070710678118655;-0.5070710678118655;-0.5070710678118655;0.5070710678118655;0.5070710678118655;-0.5070710678118655,-0.5685273121876936;0.5685273121876936;0.5685273121876936;-0.5685273121876936;-0.5685273121876936;-0.5685273121876936;0.5685273121876936;0.5685273121876936
F2_rotsq_d+0.050,rotating_square,0.500000,-1.122126,-1.000000,false,-1.0000,0.5353553390593274;0.5353553390593274;-0.5353553390593274;-0.5353553390593274;-0.5353553390593274;0.5353553390593274;0.5353553390593274;-0.5353553390593274,-0.5685273121876936;0.5685273121876936;0.5685273121876936;-0.5685273121876936;-0.5685273121876936;-0.5685273121876936;0.5685273121876936;0.5685273121876936
F2_rotsq_d-0.010,rotating_square,0.500000,-1.329986,-1.000000,false,-1.0000,0.49292893218813455;0.49292893218813455;-0.49292893218813455;-0.49292893218813455;-0.49292893218813455;0.49292893218813455;0.49292893218813455;-0.49292893218813455,-0.5685273121876936;0.5685273121876936;0.5685273121876936;-0.5685273121876936;-0.5685273121876936;-0.5685273121876936;0.5685273121876936;0.5685273121876936
F2_rotsq_d-0.050,rotating_square,0.500000,-1.489649,-1.000000,false,-1.0000,0.46464466094067264;0.46464466094067264;-0.46464466094067264;-0.46464466094067264;-0.46464466094067264;0.46464466094067264;0.46464466094067264;-0.46464466094067264,-0.5685273121876936;0.5685273121876936;0.5685273121876936;-0.5685273121876936;-0.5685273121876936;-0.5685273121876936;0.5685273121876936;0.5685273121876936
F3_dimer_v0.05,dimer_dimer,-1.000000,-3.655906,-1.000000,false,-1.0000,1.5;0.2;-1.5;0.2;1.5;-0.2;-1.5;-0.2,1.4642135623730952;0.0;-1.4642135623730952;0.0;-1.364213562373095;0.0;1.364213562373095;0.0
F3_dimer_v0.10,dimer_dimer,1.000000,-3.641166,-1.000000,false,-1.0000,1.5;0.2;-1.5;0.2;1.5;-0.2;-1.5;-0.2,1.5142135623730952;0.0;-1.5142135623730952;0.0;-1.314213562373095;0.0;1.314213562373095;0.0
F3_dimer_v0.20,dimer_dimer,1.000000,-3.582210,-1.000000,false,-1.0000,1.5;0.2;-1.5;0.2;1.5;-0.2;-1.5;-0.2,1.614213562373095;0.0;-1.614213562373095;0.0;-1.2142135623730952;0.0;1.2142135623730952;0.0
F3_dimer_v0.30,dimer_dimer,1.557800,-3.483949,-1.000000,false,-1.0000,1.5;0.2;-1.5;0.2;1.5;-0.2;-1.5;-0.2,1.7142135623730952;0.0;-1.7142135623730952;0.0;-1.114213562373095;0.0;1.114213562373095;0.0
F4_abab_s0.80,collinear_abab,-1.000000,-2.916667,-1.000000,false,-1.0000,-1.2000000000000002;0.0;0.4;0.0;-0.4;0.0;1.2000000000000002;0.0,0.0;0.0;0.0;0.0;0.0;0.0;0.0;0.0
F4_abab_s1.00,collinear_abab,-1.000000,-2.333333,-1.000000,false,-1.0000,-1.5;0.0;0.5;0.0;-0.5;0.0;1.5;0.0,0.0;0.0;0.0;0.0;0.0;0.0;0.0;0.0
F4_abab_s1.20,collinear_abab,-1.000000,-1.944444,-1.000000,false,-1.0000,-1.7999999999999998;0.0;0.6;0.0;-0.6;0.0;1.7999999999999998;0.0,0.0;0.0;0.0;0.0;0.0;0.0;0.0;0.0
F4_abab_s1.00_k0.02,collinear_abab_kick,-1.000000,-2.332533,-1.000000,false,-1.0000,-1.5;0.0;0.5;0.0;-0.5;0.0;1.5;0.0,0.0;0.02;0.0;-0.02;0.0;0.02;0.0;-0.02
F4_abab_s1.00_k0.05,collinear_abab_kick,-1.000000,-2.328333,-1.000000,false,-1.0000,-1.5;0.0;0.5;0.0;-0.5;0.0;1.5;0.0,0.0;0.05;0.0;-0.05;0.0;0.05;0.0;-0.05
