family,c,T,E,max_floquet,drift_pct,status,eigenvalue_types
circular_E-0.5,100.000000,4.442883,-0.500000,1.000000,0.000000,Closed,loxodromic;loxodromic;elliptic;elliptic;elliptic;elliptic;elliptic;elliptic
circular_E-0.5,50.000000,4.442883,-0.500000,1.000001,0.000000,Closed,loxodromic;loxodromic;elliptic;elliptic;elliptic;elliptic;elliptic;elliptic
circular_E-0.5,20.000000,4.442883,-0.500000,1.000001,0.000000,Closed,elliptic;elliptic;elliptic;elliptic;elliptic;elliptic;elliptic;elliptic
circular_E-0.5,10.000000,4.442883,-0.500000,1.000000,0.000000,Closed,elliptic;elliptic;elliptic;elliptic;elliptic;elliptic;elliptic;elliptic
circular_E-0.5,5.000000,4.442883,-0.500000,1.000000,0.000000,Closed,elliptic;elliptic;loxodromic;loxodromic;elliptic;elliptic;elliptic;elliptic
circular_E-0.5,4.000000,4.442883,-0.500000,1.000000,0.000000,Closed,elliptic;elliptic;elliptic;elliptic;elliptic;elliptic;elliptic;elliptic
circular_E-0.5,3.000000,4.442883,-0.500000,1.000000,0.000000,Closed,elliptic;elliptic;loxodromic;loxodromic;elliptic;elliptic;elliptic;elliptic
circular_E-0.5,2.000000,4.442883,-0.500000,1.000001,0.000000,Closed,elliptic;elliptic;elliptic;elliptic;elliptic;elliptic;elliptic;elliptic
circular_E-0.5,1.500000,4.442883,-0.500000,1.000000,0.000000,Closed,elliptic;elliptic;elliptic;elliptic;elliptic;elliptic;elliptic;elliptic
circular_E-0.5,1.000000,4.442883,-0.500000,1.000001,0.000000,Closed,elliptic;elliptic;elliptic;elliptic;elliptic;elliptic;elliptic;elliptic
circular_E-1.0,100.000000,1.570796,-1.000000,1.000001,0.000000,Closed,elliptic;elliptic;elliptic;elliptic;elliptic;elliptic;elliptic;elliptic
circular_E-1.0,50.000000,1.570796,-1.000000,1.000001,0.000000,Closed,elliptic;elliptic;elliptic;elliptic;elliptic;elliptic;elliptic;elliptic
circular_E-1.0,20.000000,1.570796,-1.000000,1.000001,0.000000,Closed,elliptic;elliptic;elliptic;elliptic;elliptic;elliptic;elliptic;elliptic
circular_E-1.0,10.000000,1.570796,-1.000000,1.000000,0.000000,Closed,elliptic;elliptic;elliptic;elliptic;elliptic;elliptic;elliptic;elliptic
circular_E-1.0,5.000000,1.570796,-1.000000,1.000000,0.000000,Closed,elliptic;elliptic;elliptic;elliptic;elliptic;elliptic;elliptic;elliptic
circular_E-1.0,4.000000,1.570796,-1.000000,1.000000,0.000000,Closed,elliptic;elliptic;elliptic;elliptic;elliptic;elliptic;elliptic;elliptic
circular_E-1.0,3.000000,1.570796,-1.000000,1.000000,0.000000,Closed,elliptic;elliptic;elliptic;elliptic;elliptic;elliptic;elliptic;elliptic
circular_E-1.0,2.000000,1.570796,-1.000000,1.000001,0.000000,Closed,elliptic;elliptic;elliptic;elliptic;elliptic;elliptic;elliptic;elliptic
circular_E-1.0,1.500000,1.570796,-1.000000,1.000000,0.000000,Closed,elliptic;elliptic;elliptic;elliptic;elliptic;elliptic;elliptic;elliptic
circular_E-1.0,1.000000,1.570796,-1.000000,1.000000,0.000000,Closed,elliptic;elliptic;elliptic;elliptic;elliptic;elliptic;elliptic;elliptic
circular_E-2.0,100.000000,0.555360,-2.000000,1.000001,0.000000,Open,elliptic;elliptic;elliptic;elliptic;elliptic;elliptic;elliptic;elliptic
circular_E-2.0,50.000000,0.555360,-2.000000,1.000000,0.000000,Open,loxodromic;loxodromic;elliptic;elliptic;elliptic;elliptic;elliptic;elliptic
circular_E-2.0,20.000000,0.555360,-2.000000,1.000000,0.000000,Open,elliptic;elliptic;elliptic;elliptic;elliptic;elliptic;elliptic;elliptic
circular_E-2.0,10.000000,0.555360,-2.000000,1.000000,0.000000,Open,elliptic;elliptic;elliptic;elliptic;elliptic;elliptic;elliptic;elliptic
circular_E-2.0,5.000000,0.555360,-2.000000,1.000000,0.000000,Open,elliptic;elliptic;elliptic;elliptic;elliptic;elliptic;elliptic;elliptic
circular_E-2.0,4.000000,0.555360,-2.000000,1.000000,0.000000,Open,elliptic;elliptic;elliptic;elliptic;elliptic;elliptic;elliptic;elliptic
circular_E-2.0,3.000000,0.555360,-2.000000,1.000000,0.000000,Open,elliptic;elliptic;elliptic;elliptic;elliptic;elliptic;elliptic;elliptic
circular_E-2.0,2.000000,0.555360,-2.000000,1.000000,0.000000,Open,elliptic;elliptic;elliptic;elliptic;elliptic;elliptic;elliptic;elliptic
circular_E-2.0,1.500000,0.555360,-2.000000,1.000000,0.000000,Open,elliptic;elliptic;elliptic;elliptic;elliptic;elliptic;elliptic;elliptic
circular_E-2.0,1.000000,0.555360,-2.000000,1.000000,0.000000,Open,elliptic;elliptic;elliptic;elliptic;elliptic;elliptic;elliptic;elliptic
elliptic_E-1.0_e0.3,100.000000,1.570796,-1.000000,1.322637,0.000150,Closed,positive_hyperbolic;positive_hyperbolic;elliptic;elliptic;elliptic;elliptic;positive_hyperbolic;positive_hyperbolic
elliptic_E-1.0_e0.3,50.000000,1.570796,-1.000000,1.754812,0.000150,NearClosed,positive_hyperbolic;positive_hyperbolic;elliptic;elliptic;elliptic;elliptic;positive_hyperbolic;positive_hyperbolic
elliptic_E-1.0_e0.3,20.000000,1.568440,-1.000000,1.769650,0.000150,NearClosed,positive_hyperbolic;elliptic;elliptic;elliptic;elliptic;elliptic;elliptic;positive_hyperbolic
elliptic_E-1.0_e0.3,10.000000,1.562864,-1.000000,3.970316,0.000150,NearClosed,positive_hyperbolic;elliptic;elliptic;elliptic;elliptic;elliptic;elliptic;positive_hyperbolic
elliptic_E-1.0_e0.3,5.000000,1.540920,-1.000000,7.348500,0.000151,NearClosed,positive_hyperbolic;elliptic;elliptic;elliptic;elliptic;elliptic;elliptic;positive_hyperbolic
elliptic_E-1.0_e0.3,4.000000,1.527482,-1.000000,6.335843,0.000152,Open,positive_hyperbolic;elliptic;elliptic;elliptic;elliptic;elliptic;elliptic;positive_hyperbolic
elliptic_E-1.0_e0.3,3.000000,1.510980,-1.000000,2.644760,0.000154,Open,loxodromic;loxodromic;loxodromic;loxodromic;elliptic;elliptic;elliptic;elliptic
elliptic_E-1.0_e0.3,2.000000,1.570796,-1.000000,1.701093,0.000158,Open,negative_hyperbolic;negative_hyperbolic;elliptic;elliptic;elliptic;elliptic;elliptic;elliptic
elliptic_E-1.0_e0.3,1.500000,1.696460,-1.000000,15.075987,0.000165,Open,elliptic;elliptic;positive_hyperbolic;elliptic;elliptic;elliptic;elliptic;positive_hyperbolic
elliptic_E-1.0_e0.3,1.000000,1.539380,-1.000000,17.058988,0.000202,Open,negative_hyperbolic;elliptic;elliptic;negative_hyperbolic;elliptic;elliptic;elliptic;elliptic
elliptic_E-1.0_e0.5,100.000000,1.570796,-1.000000,1.945463,0.000662,NearClosed,positive_hyperbolic;positive_hyperbolic;elliptic;elliptic;elliptic;elliptic;positive_hyperbolic;positive_hyperbolic
elliptic_E-1.0_e0.5,50.000000,1.570011,-1.000000,1.000000,0.000662,NearClosed,loxodromic;loxodromic;elliptic;elliptic;elliptic;elliptic;elliptic;elliptic
elliptic_E-1.0_e0.5,20.000000,1.567655,-1.000000,4.947423,0.000663,NearClosed,positive_hyperbolic;elliptic;elliptic;elliptic;elliptic;elliptic;elliptic;positive_hyperbolic
elliptic_E-1.0_e0.5,10.000000,1.557421,-1.000000,11.000425,0.000667,NearClosed,positive_hyperbolic;elliptic;elliptic;elliptic;elliptic;elliptic;elliptic;positive_hyperbolic
elliptic_E-1.0_e0.5,5.000000,1.522911,-1.000000,19.145210,0.000683,Open,positive_hyperbolic;positive_hyperbolic;elliptic;elliptic;elliptic;elliptic;positive_hyperbolic;positive_hyperbolic
elliptic_E-1.0_e0.5,4.000000,1.507964,-1.000000,8.319306,0.000695,Open,positive_hyperbolic;positive_hyperbolic;elliptic;elliptic;elliptic;elliptic;positive_hyperbolic;positive_hyperbolic
elliptic_E-1.0_e0.5,3.000000,1.476549,-1.000000,19.224392,0.000721,Open,negative_hyperbolic;negative_hyperbolic;negative_hyperbolic;negative_hyperbolic;elliptic;elliptic;elliptic;elliptic
elliptic_E-1.0_e0.5,2.000000,1.696460,-1.000000,14.144361,0.000820,Open,negative_hyperbolic;negative_hyperbolic;positive_hyperbolic;elliptic;elliptic;elliptic;elliptic;positive_hyperbolic
elliptic_E-1.0_e0.5,1.500000,1.853540,-1.000000,59.146500,0.001033,Open,elliptic;elliptic;positive_hyperbolic;elliptic;elliptic;elliptic;elliptic;positive_hyperbolic
elliptic_E-1.0_e0.5,1.000000,1.570796,-1.000000,83.786154,0.001704,Open,negative_hyperbolic;negative_hyperbolic;negative_hyperbolic;negative_hyperbolic;elliptic;elliptic;elliptic;elliptic
elliptic_E-1.0_e0.7,100.000000,1.570796,-1.000000,3.853241,0.005554,NearClosed,positive_hyperbolic;positive_hyperbolic;elliptic;elliptic;elliptic;elliptic;positive_hyperbolic;positive_hyperbolic
elliptic_E-1.0_e0.7,50.000000,1.570011,-1.000000,1.000001,0.005559,NearClosed,loxodromic;loxodromic;elliptic;elliptic;elliptic;elliptic;elliptic;elliptic
elliptic_E-1.0_e0.7,20.000000,1.566084,-1.000000,15.455699,0.005587,NearClosed,positive_hyperbolic;elliptic;elliptic;elliptic;elliptic;elliptic;elliptic;positive_hyperbolic
elliptic_E-1.0_e0.7,10.000000,1.552756,-1.000000,68.286509,0.005688,NearClosed,positive_hyperbolic;elliptic;elliptic;elliptic;elliptic;elliptic;elliptic;positive_hyperbolic
elliptic_E-1.0_e0.7,5.000000,1.507964,-1.000000,11.415317,0.006091,Open,loxodromic;loxodromic;elliptic;elliptic;elliptic;elliptic;loxodromic;loxodromic
elliptic_E-1.0_e0.7,4.000000,1.476549,-1.000000,114.685312,0.006482,Open,negative_hyperbolic;loxodromic;loxodromic;negative_hyperbolic;elliptic;elliptic;elliptic;elliptic
elliptic_E-1.0_e0.7,3.000000,1.492257,-1.000000,131.647161,0.007581,Open,negative_hyperbolic;negative_hyperbolic;negative_hyperbolic;negative_hyperbolic;elliptic;elliptic;elliptic;elliptic
elliptic_E-1.0_e0.7,2.000000,2.042035,-1.000000,184.166197,0.011229,Open,negative_hyperbolic;negative_hyperbolic;positive_hyperbolic;elliptic;elliptic;elliptic;elliptic;positive_hyperbolic
elliptic_E-1.0_e0.7,1.500000,1.960550,-1.000000,135.924594,0.016557,NearClosed,negative_hyperbolic;negative_hyperbolic;positive_hyperbolic;elliptic;elliptic;elliptic;elliptic;positive_hyperbolic
elliptic_E-1.0_e0.7,1.000000,2.042035,-1.000000,191.615766,0.031942,Open,negative_hyperbolic;negative_hyperbolic;positive_hyperbolic;elliptic;elliptic;elliptic;elliptic;positive_hyperbolic
breathing_sq_v0.3,1.000000,-1.000000,-1.000000,-1.000000,-1.000000,Failure,
breathing_sq_v0.3,2.000000,-1.000000,-1.000000,-1.000000,-1.000000,Failure,
breathing_sq_v0.3,4.000000,-1.000000,-1.000000,-1.000000,-1.000000,Failure,
breathing_sq_v0.3,10.000000,-1.000000,-1.000000,-1.000000,-1.000000,Failure,
breathing_sq_v0.5,1.000000,-1.000000,-1.000000,-1.000000,-1.000000,Failure,
breathing_sq_v0.5,2.000000,-1.000000,-1.000000,-1.000000,-1.000000,Failure,
breathing_sq_v0.5,4.000000,-1.000000,-1.000000,-1.000000,-1.000000,Failure,
breathing_sq_v0.5,10.000000,-1.000000,-1.000000,-1.000000,-1.000000,Failure,
breathing_sq_v0.7,1.000000,-1.000000,-1.000000,-1.000000,-1.000000,Failure,
breathing_sq_v0.7,2.000000,-1.000000,-1.000000,-1.000000,-1.000000,Failure,
breathing_sq_v0.7,4.000000,-1.000000,-1.000000,-1.000000,-1.000000,Failure,
breathing_sq_v0.7,10.000000,-1.000000,-1.000000,-1.000000,-1.000000,Failure,
double_orbiter,1.000000,-1.000000,-1.000000,-1.000000,-1.000000,Failure,
double_orbiter,2.000000,-1.000000,-1.000000,-1.000000,-1.000000,Failure,
double_orbiter,4.000000,-1.000000,-1.000000,-1.000000,-1.000000,Failure,
double_orbiter,10.000000,-1.000000,-1.000000,-1.000000,-1.000000,Failure,
circular_E-0.5_bif,0.500000,4.442883,-0.500000,1.000001,-1.000000,Computed,
circular_E-0.5_bif,0.550000,4.442883,-0.500000,1.000000,-1.000000,Computed,
circular_E-0.5_bif,0.600000,4.442883,-0.500000,1.000000,-1.000000,Computed,
circular_E-0.5_bif,0.650000,4.442883,-0.500000,1.000000,-1.000000,Computed,
circular_E-0.5_bif,0.700000,4.442883,-0.500000,1.000000,-1.000000,Computed,
circular_E-0.5_bif,0.750000,4.442883,-0.500000,1.000000,-1.000000,Computed,
circular_E-0.5_bif,0.800000,4.442883,-0.500000,1.000000,-1.000000,Computed,
circular_E-0.5_bif,0.850000,4.442883,-0.500000,1.000000,-1.000000,Computed,
circular_E-0.5_bif,0.900000,4.442883,-0.500000,1.000000,-1.000000,Computed,
circular_E-0.5_bif,0.950000,4.442883,-0.500000,1.000000,-1.000000,Computed,
circular_E-0.5_bif,0.950000,4.442883,-0.500000,1.000000,-1.000000,Computed,
circular_E-0.5_bif,1.000000,4.442883,-0.500000,1.000000,-1.000000,Computed,
circular_E-0.5_bif,1.000000,4.442883,-0.500000,1.000000,-1.000000,Computed,
circular_E-0.5_bif,1.050000,4.442883,-0.500000,1.000000,-1.000000,Computed,
circular_E-0.5_bif,1.050000,4.442883,-0.500000,1.000000,-1.000000,Computed,
circular_E-0.5_bif,1.100000,4.442883,-0.500000,1.000000,-1.000000,Computed,
circular_E-0.5_bif,1.150000,4.442883,-0.500000,1.000000,-1.000000,Computed,
circular_E-0.5_bif,1.200000,4.442883,-0.500000,1.000000,-1.000000,Computed,
circular_E-0.5_bif,1.250000,4.442883,-0.500000,1.000000,-1.000000,Computed,
circular_E-0.5_bif,1.300000,4.442883,-0.500000,1.000000,-1.000000,Computed,
circular_E-0.5_bif,1.350000,4.442883,-0.500000,1.000000,-1.000000,Computed,
circular_E-0.5_bif,1.400000,4.442883,-0.500000,1.000000,-1.000000,Computed,
circular_E-0.5_bif,1.450000,4.442883,-0.500000,1.000000,-1.000000,Computed,
circular_E-0.5_bif,1.500000,4.442883,-0.500000,1.000001,-1.000000,Computed,
circular_E-0.5_bif,1.550000,4.442883,-0.500000,1.000000,-1.000000,Computed,
circular_E-0.5_bif,1.600000,4.442883,-0.500000,1.000000,-1.000000,Computed,
circular_E-0.5_bif,1.650000,4.442883,-0.500000,1.000000,-1.000000,Computed,
circular_E-0.5_bif,1.700000,4.442883,-0.500000,1.000000,-1.000000,Computed,
circular_E-0.5_bif,1.750000,4.442883,-0.500000,1.000001,-1.000000,Computed,
circular_E-0.5_bif,1.800000,4.442883,-0.500000,1.000000,-1.000000,Computed,
circular_E-0.5_bif,1.850000,4.442883,-0.500000,1.000000,-1.000000,Computed,
circular_E-0.5_bif,1.900000,4.442883,-0.500000,1.000000,-1.000000,Computed,
circular_E-0.5_bif,1.950000,4.442883,-0.500000,1.000000,-1.000000,Computed,
circular_E-0.5_bif,2.000000,4.442883,-0.500000,1.000000,-1.000000,Computed,
circular_E-1.0_bif,0.800000,1.570796,-1.000000,1.000000,-1.000000,Computed,
circular_E-1.0_bif,0.850000,1.570796,-1.000000,1.000000,-1.000000,Computed,
circular_E-1.0_bif,0.900000,1.570796,-1.000000,1.000000,-1.000000,Computed,
circular_E-1.0_bif,0.950000,1.570796,-1.000000,1.000000,-1.000000,Computed,
circular_E-1.0_bif,1.000000,1.570796,-1.000000,1.000000,-1.000000,Computed,
circular_E-1.0_bif,1.050000,1.570796,-1.000000,1.000001,-1.000000,Computed,
circular_E-1.0_bif,1.100000,1.570796,-1.000000,1.000000,-1.000000,Computed,
circular_E-1.0_bif,1.150000,1.570796,-1.000000,1.000000,-1.000000,Computed,
circular_E-1.0_bif,1.200000,1.570796,-1.000000,1.000000,-1.000000,Computed,
circular_E-1.0_bif,1.250000,1.570796,-1.000000,1.000000,-1.000000,Computed,
circular_E-1.0_bif,1.300000,1.570796,-1.000000,1.000000,-1.000000,Computed,
circular_E-1.0_bif,1.350000,1.570796,-1.000000,1.000001,-1.000000,Computed,
circular_E-1.0_bif,1.350000,1.570796,-1.000000,1.000001,-1.000000,Computed,
circular_E-1.0_bif,1.400000,1.570796,-1.000000,1.000000,-1.000000,Computed,
circular_E-1.0_bif,1.400000,1.570796,-1.000000,1.000000,-1.000000,Computed,
circular_E-1.0_bif,1.414000,1.570796,-1.000000,1.000000,-1.000000,Computed,
circular_E-1.0_bif,1.450000,1.570796,-1.000000,1.000000,-1.000000,Computed,
circular_E-1.0_bif,1.450000,1.570796,-1.000000,1.000000,-1.000000,Computed,
circular_E-1.0_bif,1.500000,1.570796,-1.000000,1.000000,-1.000000,Computed,
circular_E-1.0_bif,1.500000,1.570796,-1.000000,1.000000,-1.000000,Computed,
circular_E-1.0_bif,1.550000,1.570796,-1.000000,1.000000,-1.000000,Computed,
circular_E-1.0_bif,1.600000,1.570796,-1.000000,1.000001,-1.000000,Computed,
circular_E-1.0_bif,1.650000,1.570796,-1.000000,1.000000,-1.000000,Computed,
circular_E-1.0_bif,1.700000,1.570796,-1.000000,1.000000,-1.000000,Computed,
circular_E-1.0_bif,1.750000,1.570796,-1.000000,1.000001,-1.000000,Computed,
circular_E-1.0_bif,1.800000,1.570796,-1.000000,1.000000,-1.000000,Computed,
circular_E-1.0_bif,1.850000,1.570796,-1.000000,1.000000,-1.000000,Computed,
circular_E-1.0_bif,1.900000,1.570796,-1.000000,1.000000,-1.000000,Computed,
circular_E-1.0_bif,1.950000,1.570796,-1.000000,1.000000,-1.000000,Computed,
circular_E-1.0_bif,2.000000,1.570796,-1.000000,1.000000,-1.000000,Computed,
circular_E-1.0_bif,2.050000,1.570796,-1.000000,1.000000,-1.000000,Computed,
circular_E-1.0_bif,2.100000,1.570796,-1.000000,1.000000,-1.000000,Computed,
circular_E-1.0_bif,2.150000,1.570796,-1.000000,1.000000,-1.000000,Computed,
circular_E-1.0_bif,2.200000,1.570796,-1.000000,1.000000,-1.000000,Computed,
circular_E-1.0_bif,2.250000,1.570796,-1.000000,1.000000,-1.000000,Computed,
circular_E-1.0_bif,2.300000,1.570796,-1.000000,1.000000,-1.000000,Computed,
circular_E-1.0_bif,2.350000,1.570796,-1.000000,1.000000,-1.000000,Computed,
circular_E-1.0_bif,2.400000,1.570796,-1.000000,1.000001,-1.000000,Computed,
circular_E-1.0_bif,2.450000,1.570796,-1.000000,1.000000,-1.000000,Computed,
circular_E-1.0_bif,2.500000,1.570796,-1.000000,1.000000,-1.000000,Computed,
circular_E-1.0_bif,2.550000,1.570796,-1.000000,1.000001,-1.000000,Computed,
circular_E-1.0_bif,2.600000,1.570796,-1.000000,1.000000,-1.000000,Computed,
circular_E-1.0_bif,2.650000,1.570796,-1.000000,1.000000,-1.000000,Computed,
circular_E-1.0_bif,2.700000,1.570796,-1.000000,1.000000,-1.000000,Computed,
circular_E-1.0_bif,2.750000,1.570796,-1.000000,1.000000,-1.000000,Computed,
circular_E-1.0_bif,2.800000,1.570796,-1.000000,1.000000,-1.000000,Computed,
circular_E-1.0_bif,2.850000,1.570796,-1.000000,1.000000,-1.000000,Computed,
circular_E-1.0_bif,2.900000,1.570796,-1.000000,1.000000,-1.000000,Computed,
circular_E-1.0_bif,2.950000,1.570796,-1.000000,1.000000,-1.000000,Computed,
circular_E-1.0_bif,3.000000,1.570796,-1.000000,1.000001,-1.000000,Computed,
circular_E-2.0_bif,0.500000,0.555360,-2.000000,1.000000,-1.000000,Computed,
circular_E-2.0_bif,0.600000,0.555360,-2.000000,1.000000,-1.000000,Computed,
circular_E-2.0_bif,0.700000,0.555360,-2.000000,1.000000,-1.000000,Computed,
circular_E-2.0_bif,0.800000,0.555360,-2.000000,1.000000,-1.000000,Computed,
circular_E-2.0_bif,0.900000,0.555360,-2.000000,1.000000,-1.000000,Computed,
circular_E-2.0_bif,0.950000,0.555360,-2.000000,1.000000,-1.000000,Computed,
circular_E-2.0_bif,1.000000,0.555360,-2.000000,1.000000,-1.000000,Computed,
circular_E-2.0_bif,1.000000,0.555360,-2.000000,1.000000,-1.000000,Computed,
circular_E-2.0_bif,1.100000,0.555360,-2.000000,1.000000,-1.000000,Computed,
circular_E-2.0_bif,1.200000,0.555360,-2.000000,1.000000,-1.000000,Computed,
circular_E-2.0_bif,1.300000,0.555360,-2.000000,1.000001,-1.000000,Computed,
circular_E-2.0_bif,1.400000,0.555360,-2.000000,1.000000,-1.000000,Computed,
circular_E-2.0_bif,1.414000,0.555360,-2.000000,1.000000,-1.000000,Computed,
circular_E-2.0_bif,1.500000,0.555360,-2.000000,1.000000,-1.000000,Computed,
circular_E-2.0_bif,1.600000,0.555360,-2.000000,1.000001,-1.000000,Computed,
circular_E-2.0_bif,1.700000,0.555360,-2.000000,1.000000,-1.000000,Computed,
circular_E-2.0_bif,1.800000,0.555360,-2.000000,1.000000,-1.000000,Computed,
circular_E-2.0_bif,1.900000,0.555360,-2.000000,1.000000,-1.000000,Computed,
circular_E-2.0_bif,2.000000,0.555360,-2.000000,1.000000,-1.000000,Computed,
circular_E-2.0_bif,2.000000,0.555360,-2.000000,1.000000,-1.000000,Computed,
circular_E-2.0_bif,2.100000,0.555360,-2.000000,1.000001,-1.000000,Computed,
circular_E-2.0_bif,2.200000,0.555360,-2.000000,1.000000,-1.000000,Computed,
circular_E-2.0_bif,2.300000,0.555360,-2.000000,1.000000,-1.000000,Computed,
circular_E-2.0_bif,2.400000,0.555360,-2.000000,1.000000,-1.000000,Computed,
circular_E-2.0_bif,2.500000,0.555360,-2.000000,1.000000,-1.000000,Computed,
circular_E-2.0_bif,2.600000,0.555360,-2.000000,1.000000,-1.000000,Computed,
circular_E-2.0_bif,2.700000,0.555360,-2.000000,1.000000,-1.000000,Computed,
circular_E-2.0_bif,2.800000,0.555360,-2.000000,1.000001,-1.000000,Computed,
circular_E-2.0_bif,2.900000,0.555360,-2.000000,1.000001,-1.000000,Computed,
circular_E-2.0_bif,3.000000,0.555360,-2.000000,1.000000,-1.000000,Computed,
circular_E-2.0_bif,3.100000,0.555360,-2.000000,1.000001,-1.000000,Computed,
circular_E-2.0_bif,3.200000,0.555360,-2.000000,1.000000,-1.000000,Computed,
circular_E-2.0_bif,3.300000,0.555360,-2.000000,1.000000,-1.000000,Computed,
circular_E-2.0_bif,3.400000,0.555360,-2.000000,1.000000,-1.000000,Computed,
circular_E-2.0_bif,3.500000,0.555360,-2.000000,1.000001,-1.000000,Computed,
circular_E-2.0_bif,3.600000,0.555360,-2.000000,1.000001,-1.000000,Computed,
circular_E-2.0_bif,3.700000,0.555360,-2.000000,1.000000,-1.000000,Computed,
circular_E-2.0_bif,3.800000,0.555360,-2.000000,1.000000,-1.000000,Computed,
circular_E-2.0_bif,3.900000,0.555360,-2.000000,1.000000,-1.000000,Computed,
circular_E-2.0_bif,4.000000,0.555360,-2.000000,1.000000,-1.000000,Computed,
circular_E-2.0_bif,4.100000,0.555360,-2.000000,1.000000,-1.000000,Computed,
circular_E-2.0_bif,4.200000,0.555360,-2.000000,1.000000,-1.000000,Computed,
circular_E-2.0_bif,4.300000,0.555360,-2.000000,1.000001,-1.000000,Computed,
circular_E-2.0_bif,4.400000,0.555360,-2.000000,1.000000,-1.000000,Computed,
circular_E-2.0_bif,4.500000,0.555360,-2.000000,1.000000,-1.000000,Computed,
circular_E-2.0_bif,4.600000,0.555360,-2.000000,1.000000,-1.000000,Computed,
circular_E-2.0_bif,4.700000,0.555360,-2.000000,1.000000,-1.000000,Computed,
circular_E-2.0_bif,4.800000,0.555360,-2.000000,1.000001,-1.000000,Computed,
circular_E-2.0_bif,4.900000,0.555360,-2.000000,1.000000,-1.000000,Computed,
circular_E-2.0_bif,5.000000,0.555360,-2.000000,1.000000,-1.000000,Computed,
new_orbit_search,1.000000,12.782500,-1.000000,-1.000000,-1.000000,Candidate,r0=0.3, L=0.2
new_orbit_search,1.000000,5.039500,-1.000000,-1.000000,-1.000000,Candidate,r0=0.5, L=0.2
new_orbit_search,1.000000,7.854000,-1.000000,-1.000000,-1.000000,Candidate,r0=0.5, L=0.5
new_orbit_search,1.000000,2.262000,-1.000000,-1.000000,-1.000000,Candidate,r0=0.8, L=0.2
new_orbit_search,1.000000,10.443500,-1.000000,-1.000000,-1.000000,Candidate,r0=0.8, L=0.5
new_orbit_search,1.000000,16.127000,-1.000000,-1.000000,-1.000000,Candidate,r0=1.0, L=0.5
new_orbit_search,2.000000,8.427000,-1.000000,-1.000000,-1.000000,Candidate,r0=0.3, L=0.2
new_orbit_search,2.000000,15.885000,-1.000000,-1.000000,-1.000000,Candidate,r0=0.5, L=0.2
new_orbit_search,2.000000,7.854000,-1.000000,-1.000000,-1.000000,Candidate,r0=0.5, L=0.5
new_orbit_search,2.000000,13.850000,-1.000000,-1.000000,-1.000000,Candidate,r0=0.8, L=0.2
new_orbit_search,2.000000,10.227500,-1.000000,-1.000000,-1.000000,Candidate,r0=0.8, L=0.5
new_orbit_search,2.000000,11.288500,-1.000000,-1.000000,-1.000000,Candidate,r0=1.0, L=0.2
new_orbit_search,2.000000,12.879500,-1.000000,-1.000000,-1.000000,Candidate,r0=1.0, L=0.5
new_orbit_search,5.000000,2.952000,-1.000000,-1.000000,-1.000000,Candidate,r0=0.3, L=0.2
new_orbit_search,5.000000,8.390000,-1.000000,-1.000000,-1.000000,Candidate,r0=0.5, L=0.2
new_orbit_search,5.000000,7.854000,-1.000000,-1.000000,-1.000000,Candidate,r0=0.5, L=0.5
new_orbit_search,5.000000,2.039000,-1.000000,-1.000000,-1.000000,Candidate,r0=0.8, L=0.5
new_orbit_search,10.000000,14.867000,-1.000000,-1.000000,-1.000000,Candidate,r0=0.3, L=0.2
new_orbit_search,10.000000,3.770500,-1.000000,-1.000000,-1.000000,Candidate,r0=0.3, L=0.5
new_orbit_search,10.000000,6.087500,-1.000000,-1.000000,-1.000000,Candidate,r0=0.5, L=0.2
new_orbit_search,10.000000,7.854000,-1.000000,-1.000000,-1.000000,Candidate,r0=0.5, L=0.5
new_orbit_search,10.000000,11.872500,-1.000000,-1.000000,-1.000000,Candidate,r0=0.8, L=0.2
new_orbit_search,10.000000,1.991500,-1.000000,-1.000000,-1.000000,Candidate,r0=0.8, L=0.5
new_orbit_search,10.000000,16.398000,-1.000000,-1.000000,-1.000000,Candidate,r0=1.0, L=0.2
new_orbit_search,10.000000,2.456000,-1.000000,-1.000000,-1.000000,Candidate,r0=1.0, L=0.5
new_orbit_search,10.000000,3.907500,-1.000000,-1.000000,-1.000000,Candidate,r0=1.5, L=0.5
new_orbit_search,10.000000,5.678500,-1.000000,-1.000000,-1.000000,Candidate,r0=2.0, L=0.5
