id,agent,family,config_name,n_particles,dims,masses,charges,c,dt,tmax,zollner_a,bounce_r,q0_json,p0_json,retcode,E_drift_pct,survival_time,bound,tags,notes
F1a_pure_brake_s0.50,5,breathing_square_L0,F1a_pure_brake_s0.50,4,2,"[1.0,1.0,1.0,1.0]","[1.0,1.0,-1.0,-1.0]",1.0,0.001,20.0,0.0,0.0,"[0.25, 0.25, -0.25, -0.25, -0.25, 0.25, 0.25, -0.25]","[0.0, 0.0, 0.0, 0.0, 0.0, 0.0, 0.0, 0.0]",Unknown,-1.0000,-1,false,"breathing_square_L0,periodic_orbit",period=-1.000000;E=-5.171573;floquet_mag=-1.000000
F1b_outbreath_s0.50_v0.10,5,breathing_square_L0,F1b_outbreath_s0.50_v0.10,4,2,"[1.0,1.0,1.0,1.0]","[1.0,1.0,-1.0,-1.0]",1.0,0.001,20.0,0.0,0.0,"[0.25, 0.25, -0.25, -0.25, -0.25, 0.25, 0.25, -0.25]","[0.07071067811865475, 0.07071067811865475, -0.07071067811865475, -0.07071067811865475, -0.07071067811865475, 0.07071067811865475, 0.07071067811865475, -0.07071067811865475]",Unknown,-1.0000,-1,false,"breathing_square_L0,periodic_orbit",period=-1.000000;E=-5.128141;floquet_mag=-1.000000
F1b_outbreath_s0.50_v0.30,5,breathing_square_L0,F1b_outbreath_s0.50_v0.30,4,2,"[1.0,1.0,1.0,1.0]","[1.0,1.0,-1.0,-1.0]",1.0,0.001,20.0,0.0,0.0,"[0.25, 0.25, -0.25, -0.25, -0.25, 0.25, 0.25, -0.25]","[0.21213203435596423, 0.21213203435596423, -0.21213203435596423, -0.21213203435596423, -0.21213203435596423, 0.21213203435596423, 0.21213203435596423, -0.21213203435596423]",Unknown,-1.0000,-1,false,"breathing_square_L0,periodic_orbit",period=0.185000;E=-4.780690;floquet_mag=-1.000000
F1b_outbreath_s0.50_v0.40,5,breathing_square_L0,F1b_outbreath_s0.50_v0.40,4,2,"[1.0,1.0,1.0,1.0]","[1.0,1.0,-1.0,-1.0]",1.0,0.001,20.0,0.0,0.0,"[0.25, 0.25, -0.25, -0.25, -0.25, 0.25, 0.25, -0.25]","[0.282842712474619, 0.282842712474619, -0.282842712474619, -0.282842712474619, -0.282842712474619, 0.282842712474619, 0.282842712474619, -0.282842712474619]",Unknown,-1.0000,-1,false,"breathing_square_L0,periodic_orbit",period=0.272000;E=-4.476670;floquet_mag=-1.000000
F1b_outbreath_s0.50_v0.50,5,breathing_square_L0,F1b_outbreath_s0.50_v0.50,4,2,"[1.0,1.0,1.0,1.0]","[1.0,1.0,-1.0,-1.0]",1.0,0.001,20.0,0.0,0.0,"[0.25, 0.25, -0.25, -0.25, -0.25, 0.25, 0.25, -0.25]","[0.35355339059327373, 0.35355339059327373, -0.35355339059327373, -0.35355339059327373, -0.35355339059327373, 0.35355339059327373, 0.35355339059327373, -0.35355339059327373]",Unknown,-1.0000,-1,false,"breathing_square_L0,periodic_orbit",period=0.392000;E=-4.085786;floquet_mag=-1.000000
F1b_outbreath_s0.50_v0.60,5,breathing_square_L0,F1b_outbreath_s0.50_v0.60,4,2,"[1.0,1.0,1.0,1.0]","[1.0,1.0,-1.0,-1.0]",1.0,0.001,20.0,0.0,0.0,"[0.25, 0.25, -0.25, -0.25, -0.25, 0.25, 0.25, -0.25]","[0.42426406871192845, 0.42426406871192845, -0.42426406871192845, -0.42426406871192845, -0.42426406871192845, 0.42426406871192845, 0.42426406871192845, -0.42426406871192845]",Unknown,-1.0000,-1,false,"breathing_square_L0,periodic_orbit",period=0.569000;E=-3.608040;floquet_mag=-1.000000
F1b_outbreath_s0.50_v0.70,5,breathing_square_L0,F1b_outbreath_s0.50_v0.70,4,2,"[1.0,1.0,1.0,1.0]","[1.0,1.0,-1.0,-1.0]",1.0,0.001,20.0,0.0,0.0,"[0.25, 0.25, -0.25, -0.25, -0.25, 0.25, 0.25, -0.25]","[0.4949747468305832, 0.4949747468305832, -0.4949747468305832, -0.4949747468305832, -0.4949747468305832, 0.4949747468305832, 0.4949747468305832, -0.4949747468305832]",Unknown,-1.0000,-1,false,"breathing_square_L0,periodic_orbit",period=0.862000;E=-3.043431;floquet_mag=-1.000000
F1a_pure_brake_s1.00,5,breathing_square_L0,F1a_pure_brake_s1.00,4,2,"[1.0,1.0,1.0,1.0]","[1.0,1.0,-1.0,-1.0]",1.0,0.001,20.0,0.0,0.0,"[0.5, 0.5, -0.5, -0.5, -0.5, 0.5, 0.5, -0.5]","[0.0, 0.0, 0.0, 0.0, 0.0, 0.0, 0.0, 0.0]",Unknown,-1.0000,-1,false,"breathing_square_L0,periodic_orbit",period=-1.000000;E=-2.585786;floquet_mag=-1.000000
F1b_outbreath_s1.00_v0.10,5,breathing_square_L0,F1b_outbreath_s1.00_v0.10,4,2,"[1.0,1.0,1.0,1.0]","[1.0,1.0,-1.0,-1.0]",1.0,0.001,20.0,0.0,0.0,"[0.5, 0.5, -0.5, -0.5, -0.5, 0.5, 0.5, -0.5]","[0.07071067811865475, 0.07071067811865475, -0.07071067811865475, -0.07071067811865475, -0.07071067811865475, 0.07071067811865475, 0.07071067811865475, -0.07071067811865475]",Unknown,-1.0000,-1,false,"breathing_square_L0,periodic_orbit",period=0.223000;E=-2.554071;floquet_mag=-1.000000
F1b_outbreath_s1.00_v0.30,5,breathing_square_L0,F1b_outbreath_s1.00_v0.30,4,2,"[1.0,1.0,1.0,1.0]","[1.0,1.0,-1.0,-1.0]",1.0,0.001,20.0,0.0,0.0,"[0.5, 0.5, -0.5, -0.5, -0.5, 0.5, 0.5, -0.5]","[0.21213203435596423, 0.21213203435596423, -0.21213203435596423, -0.21213203435596423, -0.21213203435596423, 0.21213203435596423, 0.21213203435596423, -0.21213203435596423]",Unknown,-1.0000,-1,false,"breathing_square_L0,periodic_orbit",period=0.779000;E=-2.300345;floquet_mag=-1.000000
F1b_outbreath_s1.00_v0.40,5,breathing_square_L0,F1b_outbreath_s1.00_v0.40,4,2,"[1.0,1.0,1.0,1.0]","[1.0,1.0,-1.0,-1.0]",1.0,0.001,20.0,0.0,0.0,"[0.5, 0.5, -0.5, -0.5, -0.5, 0.5, 0.5, -0.5]","[0.282842712474619, 0.282842712474619, -0.282842712474619, -0.282842712474619, -0.282842712474619, 0.282842712474619, 0.282842712474619, -0.282842712474619]",Unknown,-1.0000,-1,false,"breathing_square_L0,periodic_orbit",period=1.205000;E=-2.078335;floquet_mag=-1.000000
F1b_outbreath_s1.00_v0.50,5,breathing_square_L0,F1b_outbreath_s1.00_v0.50,4,2,"[1.0,1.0,1.0,1.0]","[1.0,1.0,-1.0,-1.0]",1.0,0.001,20.0,0.0,0.0,"[0.5, 0.5, -0.5, -0.5, -0.5, 0.5, 0.5, -0.5]","[0.35355339059327373, 0.35355339059327373, -0.35355339059327373, -0.35355339059327373, -0.35355339059327373, 0.35355339059327373, 0.35355339059327373, -0.35355339059327373]",Unknown,-1.0000,-1,false,"breathing_square_L0,periodic_orbit",period=1.872000;E=-1.792893;floquet_mag=-1.000000
F1b_outbreath_s1.00_v0.60,5,breathing_square_L0,F1b_outbreath_s1.00_v0.60,4,2,"[1.0,1.0,1.0,1.0]","[1.0,1.0,-1.0,-1.0]",1.0,0.001,20.0,0.0,0.0,"[0.5, 0.5, -0.5, -0.5, -0.5, 0.5, 0.5, -0.5]","[0.42426406871192845, 0.42426406871192845, -0.42426406871192845, -0.42426406871192845, -0.42426406871192845, 0.42426406871192845, 0.42426406871192845, -0.42426406871192845]",Unknown,-1.0000,-1,false,"breathing_square_L0,periodic_orbit",period=3.097000;E=-1.444020;floquet_mag=-1.000000
F1b_outbreath_s1.00_v0.70,5,breathing_square_L0,F1b_outbreath_s1.00_v0.70,4,2,"[1.0,1.0,1.0,1.0]","[1.0,1.0,-1.0,-1.0]",1.0,0.001,20.0,0.0,0.0,"[0.5, 0.5, -0.5, -0.5, -0.5, 0.5, 0.5, -0.5]","[0.4949747468305832, 0.4949747468305832, -0.4949747468305832, -0.4949747468305832, -0.4949747468305832, 0.4949747468305832, 0.4949747468305832, -0.4949747468305832]",Unknown,-1.0000,-1,false,"breathing_square_L0,periodic_orbit",period=5.965000;E=-1.031716;floquet_mag=-1.000000
F1a_pure_brake_s2.00,5,breathing_square_L0,F1a_pure_brake_s2.00,4,2,"[1.0,1.0,1.0,1.0]","[1.0,1.0,-1.0,-1.0]",1.0,0.001,20.0,0.0,0.0,"[1.0, 1.0, -1.0, -1.0, -1.0, 1.0, 1.0, -1.0]","[0.0, 0.0, 0.0, 0.0, 0.0, 0.0, 0.0, 0.0]",Unknown,-1.0000,-1,false,"breathing_square_L0,periodic_orbit",period=-1.000000;E=-1.292893;floquet_mag=-1.000000
F1b_outbreath_s2.00_v0.10,5,breathing_square_L0,F1b_outbreath_s2.00_v0.10,4,2,"[1.0,1.0,1.0,1.0]","[1.0,1.0,-1.0,-1.0]",1.0,0.001,20.0,0.0,0.0,"[1.0, 1.0, -1.0, -1.0, -1.0, 1.0, 1.0, -1.0]","[0.07071067811865475, 0.07071067811865475, -0.07071067811865475, -0.07071067811865475, -0.07071067811865475, 0.07071067811865475, 0.07071067811865475, -0.07071067811865475]",Unknown,-1.0000,-1,false,"breathing_square_L0,periodic_orbit",period=0.900000;E=-1.267035;floquet_mag=-1.000000
F1b_outbreath_s2.00_v0.30,5,breathing_square_L0,F1b_outbreath_s2.00_v0.30,4,2,"[1.0,1.0,1.0,1.0]","[1.0,1.0,-1.0,-1.0]",1.0,0.001,20.0,0.0,0.0,"[1.0, 1.0, -1.0, -1.0, -1.0, 1.0, 1.0, -1.0]","[0.21213203435596423, 0.21213203435596423, -0.21213203435596423, -0.21213203435596423, -0.21213203435596423, 0.21213203435596423, 0.21213203435596423, -0.21213203435596423]",Unknown,-1.0000,-1,false,"breathing_square_L0,periodic_orbit",period=3.477000;E=-1.060172;floquet_mag=-1.000000
F1b_outbreath_s2.00_v0.40,5,breathing_square_L0,F1b_outbreath_s2.00_v0.40,4,2,"[1.0,1.0,1.0,1.0]","[1.0,1.0,-1.0,-1.0]",1.0,0.001,20.0,0.0,0.0,"[1.0, 1.0, -1.0, -1.0, -1.0, 1.0, 1.0, -1.0]","[0.282842712474619, 0.282842712474619, -0.282842712474619, -0.282842712474619, -0.282842712474619, 0.282842712474619, 0.282842712474619, -0.282842712474619]",Unknown,-1.0000,-1,false,"breathing_square_L0,periodic_orbit",period=6.055000;E=-0.879167;floquet_mag=-1.000000
F1b_outbreath_s2.00_v0.50,5,breathing_square_L0,F1b_outbreath_s2.00_v0.50,4,2,"[1.0,1.0,1.0,1.0]","[1.0,1.0,-1.0,-1.0]",1.0,0.001,20.0,0.0,0.0,"[1.0, 1.0, -1.0, -1.0, -1.0, 1.0, 1.0, -1.0]","[0.35355339059327373, 0.35355339059327373, -0.35355339059327373, -0.35355339059327373, -0.35355339059327373, 0.35355339059327373, 0.35355339059327373, -0.35355339059327373]",Success,0.0000,-1,true,"breathing_square_L0,periodic_orbit",period=11.783000;E=-0.646447;floquet_mag=228.571064
F1b_outbreath_s2.00_v0.60,5,breathing_square_L0,F1b_outbreath_s2.00_v0.60,4,2,"[1.0,1.0,1.0,1.0]","[1.0,1.0,-1.0,-1.0]",1.0,0.001,20.0,0.0,0.0,"[1.0, 1.0, -1.0, -1.0, -1.0, 1.0, 1.0, -1.0]","[0.42426406871192845, 0.42426406871192845, -0.42426406871192845, -0.42426406871192845, -0.42426406871192845, 0.42426406871192845, 0.42426406871192845, -0.42426406871192845]",Success,0.0000,-1,true,"breathing_square_L0,periodic_orbit",period=-1.000000;E=-0.362010;floquet_mag=-1.000000
F1b_outbreath_s2.00_v0.70,5,breathing_square_L0,F1b_outbreath_s2.00_v0.70,4,2,"[1.0,1.0,1.0,1.0]","[1.0,1.0,-1.0,-1.0]",1.0,0.001,20.0,0.0,0.0,"[1.0, 1.0, -1.0, -1.0, -1.0, 1.0, 1.0, -1.0]","[0.4949747468305832, 0.4949747468305832, -0.4949747468305832, -0.4949747468305832, -0.4949747468305832, 0.4949747468305832, 0.4949747468305832, -0.4949747468305832]",Success,0.0000,-1,true,"breathing_square_L0,periodic_orbit",period=-1.000000;E=-0.025858;floquet_mag=-1.000000
F2_rotsq_d+0.000,5,rotating_square,F2_rotsq_d+0.000,4,2,"[1.0,1.0,1.0,1.0]","[1.0,1.0,-1.0,-1.0]",1.0,0.001,20.0,0.0,0.0,"[0.5, 0.5, -0.5, -0.5, -0.5, 0.5, 0.5, -0.5]","[-0.5685273121876936, 0.5685273121876936, 0.5685273121876936, -0.5685273121876936, -0.5685273121876936, -0.5685273121876936, 0.5685273121876936, 0.5685273121876936]",Unknown,-1.0000,-1,false,"rotating_square,periodic_orbit",period=0.500000;E=-1.292893;floquet_mag=-1.000000
F2_rotsq_d+0.010,5,rotating_square,F2_rotsq_d+0.010,4,2,"[1.0,1.0,1.0,1.0]","[1.0,1.0,-1.0,-1.0]",1.0,0.001,20.0,0.0,0.0,"[0.5070710678118655, 0.5070710678118655, -0.5070710678118655, -0.5070710678118655, -0.5070710678118655, 0.5070710678118655, 0.5070710678118655, -0.5070710678118655]","[-0.5685273121876936, 0.5685273121876936, 0.5685273121876936, -0.5685273121876936, -0.5685273121876936, -0.5685273121876936, 0.5685273121876936, 0.5685273121876936]",Unknown,-1.0000,-1,false,"rotating_square,periodic_orbit",period=0.500000;E=-1.256835;floquet_mag=-1.000000
F2_rotsq_d+0.050,5,rotating_square,F2_rotsq_d+0.050,4,2,"[1.0,1.0,1.0,1.0]","[1.0,1.0,-1.0,-1.0]",1.0,0.001,20.0,0.0,0.0,"[0.5353553390593274, 0.5353553390593274, -0.5353553390593274, -0.5353553390593274, -0.5353553390593274, 0.5353553390593274, 0.5353553390593274, -0.5353553390593274]","[-0.5685273121876936, 0.5685273121876936, 0.5685273121876936, -0.5685273121876936, -0.5685273121876936, -0.5685273121876936, 0.5685273121876936, 0.5685273121876936]",Unknown,-1.0000,-1,false,"rotating_square,periodic_orbit",period=0.500000;E=-1.122126;floquet_mag=-1.000000
F2_rotsq_d-0.010,5,rotating_square,F2_rotsq_d-0.010,4,2,"[1.0,1.0,1.0,1.0]","[1.0,1.0,-1.0,-1.0]",1.0,0.001,20.0,0.0,0.0,"[0.49292893218813455, 0.49292893218813455, -0.49292893218813455, -0.49292893218813455, -0.49292893218813455, 0.49292893218813455, 0.49292893218813455, -0.49292893218813455]","[-0.5685273121876936, 0.5685273121876936, 0.5685273121876936, -0.5685273121876936, -0.5685273121876936, -0.5685273121876936, 0.5685273121876936, 0.5685273121876936]",Unknown,-1.0000,-1,false,"rotating_square,periodic_orbit",period=0.500000;E=-1.329986;floquet_mag=-1.000000
F2_rotsq_d-0.050,5,rotating_square,F2_rotsq_d-0.050,4,2,"[1.0,1.0,1.0,1.0]","[1.0,1.0,-1.0,-1.0]",1.0,0.001,20.0,0.0,0.0,"[0.46464466094067264, 0.46464466094067264, -0.46464466094067264, -0.46464466094067264, -0.46464466094067264, 0.46464466094067264, 0.46464466094067264, -0.46464466094067264]","[-0.5685273121876936, 0.5685273121876936, 0.5685273121876936, -0.5685273121876936, -0.5685273121876936, -0.5685273121876936, 0.5685273121876936, 0.5685273121876936]",Unknown,-1.0000,-1,false,"rotating_square,periodic_orbit",period=0.500000;E=-1.489649;floquet_mag=-1.000000
F3_dimer_v0.05,5,dimer_dimer,F3_dimer_v0.05,4,2,"[1.0,1.0,1.0,1.0]","[1.0,1.0,-1.0,-1.0]",1.0,0.001,20.0,0.0,0.0,"[1.5, 0.2, -1.5, 0.2, 1.5, -0.2, -1.5, -0.2]","[1.4642135623730952, 0.0, -1.4642135623730952, 0.0, -1.364213562373095, 0.0, 1.364213562373095, 0.0]",Unknown,-1.0000,-1,false,"dimer_dimer,periodic_orbit",period=-1.000000;E=-3.655906;floquet_mag=-1.000000
F3_dimer_v0.10,5,dimer_dimer,F3_dimer_v0.10,4,2,"[1.0,1.0,1.0,1.0]","[1.0,1.0,-1.0,-1.0]",1.0,0.001,20.0,0.0,0.0,"[1.5, 0.2, -1.5, 0.2, 1.5, -0.2, -1.5, -0.2]","[1.5142135623730952, 0.0, -1.5142135623730952, 0.0, -1.314213562373095, 0.0, 1.314213562373095, 0.0]",Unknown,-1.0000,-1,false,"dimer_dimer,periodic_orbit",period=1.000000;E=-3.641166;floquet_mag=-1.000000
F3_dimer_v0.20,5,dimer_dimer,F3_dimer_v0.20,4,2,"[1.0,1.0,1.0,1.0]","[1.0,1.0,-1.0,-1.0]",1.0,0.001,20.0,0.0,0.0,"[1.5, 0.2, -1.5, 0.2, 1.5, -0.2, -1.5, -0.2]","[1.614213562373095, 0.0, -1.614213562373095, 0.0, -1.2142135623730952, 0.0, 1.2142135623730952, 0.0]",Unknown,-1.0000,-1,false,"dimer_dimer,periodic_orbit",period=1.000000;E=-3.582210;floquet_mag=-1.000000
F3_dimer_v0.30,5,dimer_dimer,F3_dimer_v0.30,4,2,"[1.0,1.0,1.0,1.0]","[1.0,1.0,-1.0,-1.0]",1.0,0.001,20.0,0.0,0.0,"[1.5, 0.2, -1.5, 0.2, 1.5, -0.2, -1.5, -0.2]","[1.7142135623730952, 0.0, -1.7142135623730952, 0.0, -1.114213562373095, 0.0, 1.114213562373095, 0.0]",Unknown,-1.0000,-1,false,"dimer_dimer,periodic_orbit",period=1.557800;E=-3.483949;floquet_mag=-1.000000
F4_abab_s0.80,5,collinear_abab,F4_abab_s0.80,4,2,"[1.0,1.0,1.0,1.0]","[1.0,1.0,-1.0,-1.0]",1.0,0.001,20.0,0.0,0.0,"[-1.2000000000000002, 0.0, 0.4, 0.0, -0.4, 0.0, 1.2000000000000002, 0.0]","[0.0, 0.0, 0.0, 0.0, 0.0, 0.0, 0.0, 0.0]",Unknown,-1.0000,-1,false,"collinear_abab,periodic_orbit",period=-1.000000;E=-2.916667;floquet_mag=-1.000000
F4_abab_s1.00,5,collinear_abab,F4_abab_s1.00,4,2,"[1.0,1.0,1.0,1.0]","[1.0,1.0,-1.0,-1.0]",1.0,0.001,20.0,0.0,0.0,"[-1.5, 0.0, 0.5, 0.0, -0.5, 0.0, 1.5, 0.0]","[0.0, 0.0, 0.0, 0.0, 0.0, 0.0, 0.0, 0.0]",Unknown,-1.0000,-1,false,"collinear_abab,periodic_orbit",period=-1.000000;E=-2.333333;floquet_mag=-1.000000
F4_abab_s1.20,5,collinear_abab,F4_abab_s1.20,4,2,"[1.0,1.0,1.0,1.0]","[1.0,1.0,-1.0,-1.0]",1.0,0.001,20.0,0.0,0.0,"[-1.7999999999999998, 0.0, 0.6, 0.0, -0.6, 0.0, 1.7999999999999998, 0.0]","[0.0, 0.0, 0.0, 0.0, 0.0, 0.0, 0.0, 0.0]",Unknown,-1.0000,-1,false,"collinear_abab,periodic_orbit",period=-1.000000;E=-1.944444;floquet_mag=-1.000000
F4_abab_s1.00_k0.02,5,collinear_abab_kick,F4_abab_s1.00_k0.02,4,2,"[1.0,1.0,1.0,1.0]","[1.0,1.0,-1.0,-1.0]",1.0,0.001,20.0,0.0,0.0,"[-1.5, 0.0, 0.5, 0.0, -0.5, 0.0, 1.5, 0.0]","[0.0, 0.02, 0.0, -0.02, 0.0, 0.02, 0.0, -0.02]",Unknown,-1.0000,-1,false,"collinear_abab_kick,periodic_orbit",period=-1.000000;E=-2.332533;floquet_mag=-1.000000
F4_abab_s1.00_k0.05,5,collinear_abab_kick,F4_abab_s1.00_k0.05,4,2,"[1.0,1.0,1.0,1.0]","[1.0,1.0,-1.0,-1.0]",1.0,0.001,20.0,0.0,0.0,"[-1.5, 0.0, 0.5, 0.0, -0.5, 0.0, 1.5, 0.0]","[0.0, 0.05, 0.0, -0.05, 0.0, 0.05, 0.0, -0.05]",Unknown,-1.0000,-1,false,"collinear_abab_kick,periodic_orbit",period=-1.000000;E=-2.328333;floquet_mag=-1.000000
F1_ftl_breathing_square,9,ftl_regime,alternating_square,4,2,"[1.0,1.0,1.0,1.0]","[1.0,1.0,-1.0,-1.0]",1.0,0.0001,5.0,0.0,0.0,,,Failure,,-1,false,"ftl,super_c,alternating_square","side=1.5,v_target=1.5; unrecoverable from CSV—see 09_ftl_regime/ftl_experiments.jl ic_f1_breathing_square"
F2_ftl_fast_dimers,9,ftl_regime,two_dimers,4,2,"[1.0,1.0,1.0,1.0]","[1.0,1.0,-1.0,-1.0]",1.0,0.0001,5.0,0.0,0.0,,,Failure,,-1,false,"ftl,super_c,two_dimers","dyad_len=0.4,sep=2.5,v_target=1.8; see ic_f2_fast_dimers"
F3_ftl_fast_like_pair,9,ftl_regime,fast_like_pair,4,2,"[1.0,1.0,1.0,1.0]","[1.0,1.0,-1.0,-1.0]",1.0,0.0001,5.0,0.0,0.0,,,Failure,,-1,false,"ftl,super_c,fast_like_pair","pair_sep=1.0,far=5.0,v_target=2.0; see ic_f3_fast_like_pair"
P_two_dimers_ef0.10,6,poincare,two_dimers,4,2,"[1.0,1.0,1.0,1.0]","[1.0,1.0,-1.0,-1.0]",1.0,0.001,50.0,0.0,0.0,,,Failure,12.60,-1,false,"poincare,kam,two_dimers",energy_fraction=0.10; built by shared ic_generators; see 06_poincare_kam/poincare.jl
P_two_dimers_ef0.50,6,poincare,two_dimers,4,2,"[1.0,1.0,1.0,1.0]","[1.0,1.0,-1.0,-1.0]",1.0,0.001,50.0,0.0,0.0,,,Failure,1.96,-1,false,"poincare,kam,two_dimers",energy_fraction=0.50; built by shared ic_generators; see 06_poincare_kam/poincare.jl
P_rhombus_ef0.75,6,poincare,rhombus,4,2,"[1.0,1.0,1.0,1.0]","[1.0,1.0,-1.0,-1.0]",1.0,0.001,50.0,0.0,0.0,,,Success,0.0758,-1,false,"poincare,kam,rhombus",energy_fraction=0.75; built by shared ic_generators; see 06_poincare_kam/poincare.jl
P_alternating_square_ef0.10,6,poincare,alternating_square,4,2,"[1.0,1.0,1.0,1.0]","[1.0,1.0,-1.0,-1.0]",1.0,0.001,50.0,0.0,0.0,,,Failure,0.053,-1,false,"poincare,kam,alternating_square",energy_fraction=0.10; built by shared ic_generators; see 06_poincare_kam/poincare.jl
L_alternating_square_ef0.70,7,lyapunov,alternating_square,4,2,"[1.0,1.0,1.0,1.0]","[1.0,1.0,-1.0,-1.0]",1.0,0.001,40.0,0.0,0.0,,,Success,,-1,false,"lyapunov,chaos,alternating_square",energy_fraction=0.70;lambda_max=1.700534; see 07_lyapunov_chaos/lyapunov.jl
L_rhombus_ef0.45,7,lyapunov,rhombus,4,2,"[1.0,1.0,1.0,1.0]","[1.0,1.0,-1.0,-1.0]",1.0,0.001,40.0,0.0,0.0,,,partial,,-1,false,"lyapunov,chaos,rhombus",energy_fraction=0.45;lambda_max=8.089032; see 07_lyapunov_chaos/lyapunov.jl
L_two_dimers_ef0.10,7,lyapunov,two_dimers,4,2,"[1.0,1.0,1.0,1.0]","[1.0,1.0,-1.0,-1.0]",1.0,0.001,40.0,0.0,0.0,,,partial,,-1,false,"lyapunov,chaos,two_dimers",energy_fraction=0.10;lambda_max=9.180676; see 07_lyapunov_chaos/lyapunov.jl
D_r0.20_p0.0500,8,sub_weber_D,ic_D,4,2,"[1.0,1.0,1.0,1.0]","[1.0,1.0,-1.0,-1.0]",1.0,0.001,30.0,0.0,0.02,"[-0.1, 0.0, 0.1, 0.0, -4.0, 3.0, 4.0, -3.0]","[0.05, 0.0, -0.05, 0.0, 0.0, 0.0, 0.0, 0.0]",Failure,,-1,false,"sub_weber,like_pair,collision","ic_D(r0_like=0.2,p0=0.05,R_far=8.0); exact far-negative placement approximate—see run_sub_weber.jl"
D_r0.53_p0.1875,8,sub_weber_D,ic_D,4,2,"[1.0,1.0,1.0,1.0]","[1.0,1.0,-1.0,-1.0]",1.0,0.001,30.0,0.0,0.02,"[-0.2625, 0.0, 0.2625, 0.0, -4.0, 3.0, 4.0, -3.0]","[0.1875, 0.0, -0.1875, 0.0, 0.0, 0.0, 0.0, 0.0]",Failure,,-1,false,"sub_weber,like_pair,collision","ic_D(r0_like=0.525,p0=0.1875,R_far=8.0); exact far-negative placement approximate—see run_sub_weber.jl"
D_r0.85_p0.3250,8,sub_weber_D,ic_D,4,2,"[1.0,1.0,1.0,1.0]","[1.0,1.0,-1.0,-1.0]",1.0,0.001,30.0,0.0,0.02,"[-0.425, 0.0, 0.425, 0.0, -4.0, 3.0, 4.0, -3.0]","[0.325, 0.0, -0.325, 0.0, 0.0, 0.0, 0.0, 0.0]",Failure,,-1,false,"sub_weber,like_pair,collision","ic_D(r0_like=0.85,p0=0.325,R_far=8.0); exact far-negative placement approximate—see run_sub_weber.jl"
D_r1.18_p0.4625,8,sub_weber_D,ic_D,4,2,"[1.0,1.0,1.0,1.0]","[1.0,1.0,-1.0,-1.0]",1.0,0.001,30.0,0.0,0.02,"[-0.5875, 0.0, 0.5875, 0.0, -4.0, 3.0, 4.0, -3.0]","[0.4625, 0.0, -0.4625, 0.0, 0.0, 0.0, 0.0, 0.0]",Failure,,-1,false,"sub_weber,like_pair,collision","ic_D(r0_like=1.175,p0=0.4625,R_far=8.0); exact far-negative placement approximate—see run_sub_weber.jl"
D_r1.50_p0.6000,8,sub_weber_D,ic_D,4,2,"[1.0,1.0,1.0,1.0]","[1.0,1.0,-1.0,-1.0]",1.0,0.001,30.0,0.0,0.02,"[-0.75, 0.0, 0.75, 0.0, -4.0, 3.0, 4.0, -3.0]","[0.6, 0.0, -0.6, 0.0, 0.0, 0.0, 0.0, 0.0]",Failure,,-1,false,"sub_weber,like_pair,collision","ic_D(r0_like=1.5,p0=0.6,R_far=8.0); exact far-negative placement approximate—see run_sub_weber.jl"
