id,n_particles,dims,period,energy,c,mismatch,max_floquet,cz_index,cz_upper,stability_type,converged,newton_iters,q0,p0,notes
circ_E-0.10,2,2,49.672941,-0.100000,1.0000,1.087e-12,1.000000,3,3,elliptic,true,2,-2.4999999986;0.0000000607;2.4999999986;-0.0000000607,-0.0000000077;-0.3162277656;0.0000000077;0.3162277656,
circ_E-0.25,2,2,12.566371,-0.250000,1.0000,1.498e-12,1.000002,2,2,elliptic,true,2,-0.9999999913;0.0000002628;0.9999999913;-0.0000002628,-0.0000001314;-0.4999999905;0.0000001314;0.4999999905,
circ_E-0.50,2,2,4.442883,-0.500000,1.0000,2.823e-13,1.001091,2,2,elliptic,true,3,-0.4999999653;0.0000010603;0.4999999653;-0.0000012821,-0.0000016563;-0.7071066732;0.0000016563;0.7071066732,
circ_E-1.00,2,2,1.570796,-1.000004,1.0000,1.106e-12,1.000065,2,2,elliptic,true,5,-0.2402586009;0.0000040642;0.2597411214;-0.0000031449,-0.0000144182;-0.9999987780;0.0000144182;0.9999987780,
pert_E-0.25_dr0.05_Tf1.10,2,2,13.823008,-0.234609,1.0000,1.188e-09,1.000172,1,1,elliptic,true,9,-0.9605272636;0.3445378099;1.0581865130;-0.3387097149,-0.1552835280;-0.4587985846;0.1552835280;0.4587985846,
pert_E-0.25_dr0.05_Tf1.20,2,2,15.079645,-0.221387,1.0000,8.213e-10,1.000581,3,3,elliptic,true,8,-1.1617112165;0.0520586042;1.0904945668;-0.1162572499,-0.0350658029;-0.4692095373;0.0350658029;0.4692095373,
pert_E-0.25_dr0.10_Tf1.50,2,2,18.849556,-0.190786,1.0000,1.398e-10,1.001903,2,2,elliptic,true,8,-1.3592067104;0.2959436210;1.2615141503;0.2855699829,-0.0017289397;-0.4367868096;0.0017289397;0.4367868096,
pert_E-0.25_dr0.20_Tf2.00,2,2,25.132741,-0.157490,1.0000,3.728e-09,1.001585,2,2,elliptic,true,9,-1.5774571364;0.5141213562;1.5875775891;0.2652768734,-0.0311055603;-0.3956293404;0.0311055603;0.3956293404,
pert_E-0.50_dr0.05_Tf1.10,2,2,4.887171,-0.469218,1.0000,3.395e-07,1.000000,3,3,elliptic,true,10,-0.4329540499;0.3070801210;0.5048564265;-0.1989036771,-0.3252587037;-0.6028474046;0.3252587037;0.6028474046,
pert_E-0.50_dr0.05_Tf1.20,2,2,5.331460,-0.442774,1.0000,3.112e-13,1.000074,2,2,elliptic,true,7,-0.5630315649;0.0932886759;0.5658170266;0.1231401366,0.0175901416;-0.6651804020;-0.0175901416;0.6651804020,
pert_E-0.50_dr0.10_Tf1.50,2,2,6.664324,-0.381571,1.0000,5.312e-13,1.000969,3,3,elliptic,true,9,-0.6798235825;-0.0215981191;0.6289477509;-0.0863200950,-0.0305102318;-0.6169607175;0.0305102318;0.6169607175,
pert_E-0.50_dr0.20_Tf2.00,2,2,8.885766,-0.314980,1.0000,1.824e-12,1.000275,1,1,elliptic,true,8,-1.1265346856;0.0409650933;0.4519431359;0.2090419947,0.0594241581;-0.5580761829;-0.0594241581;0.5580761829,
ccont_E-0.25_c100.000,2,2,12.566371,-0.250000,100.0000,2.543e-13,1.001113,1,1,elliptic,true,2,-0.9999999978;0.0000000393;0.9999999978;-0.0000000393,-0.0000000196;-0.4999999976;0.0000000196;0.4999999976,
ccont_E-0.25_c50.000,2,2,12.566371,-0.250000,50.0000,2.336e-13,1.000000,2,2,elliptic,true,1,-0.9999999978;0.0000000393;0.9999999978;-0.0000000393,-0.0000000196;-0.4999999976;0.0000000196;0.4999999976,
ccont_E-0.25_c20.000,2,2,12.566371,-0.250000,20.0000,1.378e-13,1.000921,2,2,elliptic,true,1,-0.9999999978;0.0000000393;0.9999999978;-0.0000000393,-0.0000000196;-0.4999999976;0.0000000196;0.4999999976,
ccont_E-0.25_c10.000,2,2,12.566371,-0.250000,10.0000,5.734e-13,1.000755,2,2,elliptic,true,1,-0.9999999978;0.0000000393;0.9999999978;-0.0000000393,-0.0000000196;-0.4999999976;0.0000000196;0.4999999976,
ccont_E-0.25_c5.000,2,2,12.566371,-0.250000,5.0000,2.462e-12,1.001331,2,2,elliptic,true,1,-0.9999999978;0.0000000393;0.9999999978;-0.0000000393,-0.0000000196;-0.4999999976;0.0000000196;0.4999999976,
ccont_E-0.25_c2.000,2,2,12.566371,-0.250000,2.0000,1.405e-11,1.000000,2,2,elliptic,true,1,-0.9999999978;0.0000000393;0.9999999978;-0.0000000393,-0.0000000196;-0.4999999976;0.0000000196;0.4999999976,
ccont_E-0.25_c1.000,2,2,12.566371,-0.250000,1.0000,5.613e-11,1.000000,3,3,elliptic,true,1,-0.9999999978;0.0000000393;0.9999999978;-0.0000000393,-0.0000000196;-0.4999999976;0.0000000196;0.4999999976,
ccont_E-0.25_c0.500,2,2,12.566371,-0.250000,0.5000,4.753e-11,1.001167,2,2,elliptic,true,1,-0.9999999978;0.0000000393;0.9999999978;-0.0000000393,-0.0000000196;-0.4999999976;0.0000000196;0.4999999976,
ccont_E-0.50_c100.000,2,2,4.442883,-0.500000,100.0000,6.448e-12,1.000666,2,2,elliptic,true,2,-0.4999999914;0.0000002589;0.4999999914;-0.0000002589,-0.0000003663;-0.7071067541;0.0000003663;0.7071067541,
ccont_E-0.50_c50.000,2,2,4.442883,-0.500000,50.0000,6.962e-12,1.000980,2,2,elliptic,true,1,-0.4999999914;0.0000002589;0.4999999914;-0.0000002589,-0.0000003663;-0.7071067541;0.0000003663;0.7071067541,
ccont_E-0.50_c20.000,2,2,4.442883,-0.500000,20.0000,9.783e-12,1.000035,2,2,elliptic,true,1,-0.4999999914;0.0000002589;0.4999999914;-0.0000002589,-0.0000003663;-0.7071067541;0.0000003663;0.7071067541,
ccont_E-0.50_c10.000,2,2,4.442883,-0.500000,10.0000,2.168e-11,1.001013,3,3,elliptic,true,1,-0.4999999914;0.0000002589;0.4999999914;-0.0000002589,-0.0000003663;-0.7071067541;0.0000003663;0.7071067541,
ccont_E-0.50_c5.000,2,2,4.442883,-0.500000,5.0000,7.203e-11,1.000171,2,2,elliptic,true,1,-0.4999999914;0.0000002589;0.4999999914;-0.0000002589,-0.0000003663;-0.7071067541;0.0000003663;0.7071067541,
ccont_E-0.50_c2.000,2,2,4.442883,-0.500000,2.0000,3.905e-10,1.000005,2,2,elliptic,true,1,-0.4999999914;0.0000002589;0.4999999914;-0.0000002589,-0.0000003663;-0.7071067541;0.0000003663;0.7071067541,
ccont_E-0.50_c1.000,2,2,4.442883,-0.500000,1.0000,4.971e-10,1.000022,2,2,elliptic,true,1,-0.4999999914;0.0000002589;0.4999999914;-0.0000002589,-0.0000003663;-0.7071067541;0.0000003663;0.7071067541,
ccont_E-0.50_c0.500,2,2,4.442883,-0.500000,0.5000,6.343e-12,1.001046,2,2,elliptic,true,1,-0.4999999914;0.0000002589;0.4999999914;-0.0000002589,-0.0000003663;-0.7071067541;0.0000003663;0.7071067541,
ccont_E-1.00_c100.000,2,2,1.570796,-1.000001,100.0000,4.985e-10,1.000002,2,2,elliptic,true,2,-0.2499999663;0.0000010466;0.2499999663;-0.0000010466,-0.0000041860;-0.9999996904;0.0000041860;0.9999996904,
ccont_E-1.00_c50.000,2,2,1.570796,-1.000001,50.0000,5.220e-10,1.001683,2,2,elliptic,true,1,-0.2499999663;0.0000010466;0.2499999663;-0.0000010466,-0.0000041860;-0.9999996904;0.0000041860;0.9999996904,
ccont_E-1.00_c20.000,2,2,1.570796,-1.000001,20.0000,6.884e-10,1.000000,2,2,elliptic,true,1,-0.2499999663;0.0000010466;0.2499999663;-0.0000010466,-0.0000041860;-0.9999996904;0.0000041860;0.9999996904,
ccont_E-1.00_c10.000,2,2,1.570796,-1.000001,10.0000,1.270e-09,1.001925,2,2,elliptic,true,1,-0.2499999663;0.0000010466;0.2499999663;-0.0000010466,-0.0000041860;-0.9999996904;0.0000041860;0.9999996904,
ccont_E-1.00_c5.000,2,2,1.570796,-1.000001,5.0000,3.343e-09,1.001903,2,2,elliptic,true,1,-0.2499999663;0.0000010466;0.2499999663;-0.0000010466,-0.0000041860;-0.9999996904;0.0000041860;0.9999996904,
ccont_E-1.00_c2.000,2,2,1.570796,-1.000001,2.0000,4.830e-13,1.000449,1,1,elliptic,true,2,-0.2499999653;0.0000011035;0.2499999653;-0.0000009082,-0.0000040234;-0.9999996945;0.0000040234;0.9999996945,
ccont_E-1.00_c1.000,2,2,1.570796,-1.000001,1.0000,1.901e-12,1.000703,2,2,elliptic,true,1,-0.2499999653;0.0000011035;0.2499999653;-0.0000009082,-0.0000040234;-0.9999996945;0.0000040234;0.9999996945,
ccont_E-1.00_c0.500,2,2,1.570796,-1.000001,0.5000,5.428e-12,1.001379,2,2,elliptic,true,1,-0.2499999653;0.0000011035;0.2499999653;-0.0000009082,-0.0000040234;-0.9999996945;0.0000040234;0.9999996945,
